nino,reequest_reason,requested_at,requested_by
ZL806201C,nino in 1000 list 2,2022-06-29T03:51:01Z,Yogi Nayudu
JC484370A,Devolved asynchronous initiative,2021-09-13T08:47:34Z,Joell Burgot
CR946842D,Expanded fault-tolerant knowledge base,2021-06-20T17:07:21Z,Noreen Le Bosse
OT344796C,Seamless hybrid contingency,2022-01-07T09:40:11Z,Melvyn Hastwell
OH694375B,Exclusive non-volatile strategy,2021-07-05T20:22:44Z,Ilsa Gaither
SJ183153A,Phased systematic process improvement,2021-08-03T07:00:25Z,Knox Cicconettii
LE401932B,Distributed directional concept,2021-10-07T13:11:48Z,Gwyn Tumielli
KJ211260A,Customizable user-facing middleware,2022-03-16T13:34:59Z,Alfi Knok
BJ379172A,Open-architected empowering Graphic Interface,2021-09-19T08:42:51Z,Valry Urey
TP519322D,Stand-alone clear-thinking algorithm,2021-10-06T09:59:03Z,Tamra Cogdon
XH694138C,Visionary object-oriented protocol,2021-05-18T18:17:58Z,Mozelle Bisterfeld
SJ973549C,Multi-channelled demand-driven installation,2021-08-21T00:01:32Z,Blakelee Testro
BE776255B,Business-focused directional workforce,2021-07-27T06:34:04Z,Blondie Humpatch
PN447979C,Ergonomic national functionalities,2021-07-19T15:14:29Z,Remington Isard
ZM882821A,Front-line value-added framework,2021-08-07T10:32:25Z,Ann Dalston
CA452696C,Enhanced zero tolerance portal,2021-10-03T05:39:26Z,Corrinne Andrichak
GC100403D,Function-based 24/7 moratorium,2022-02-09T01:18:31Z,Claudie Innwood
TE388552A,Future-proofed solution-oriented knowledge user,2021-05-11T00:15:44Z,Melony Francey
RB305124A,Future-proofed grid-enabled flexibility,2021-10-12T15:28:43Z,Adolph Jennions
ZB743179C,Distributed methodical support,2022-01-31T14:29:50Z,Nata Cottel
EJ469735A,Assimilated impactful firmware,2021-08-29T22:48:41Z,Elyssa Wilce
GP454223B,Robust value-added product,2021-09-16T00:09:31Z,Jordanna Deesly
RC503216D,Fundamental bottom-line hardware,2022-03-24T20:44:27Z,Matteo Coppens
PN209373C,Profound methodical array,2022-01-01T06:34:44Z,Sim Ruvel
EC665436C,Intuitive global policy,2021-11-22T17:00:21Z,Godfrey Koppel
CH692958B,Balanced 3rd generation focus group,2021-06-01T18:00:21Z,Isac Thuillier
NH317509A,Programmable static superstructure,2022-03-15T18:42:04Z,Van Oiller
SK815984D,Function-based maximized Graphical User Interface,2022-03-20T10:20:16Z,Grady Pittel
RM207982B,Focused global superstructure,2021-11-01T04:39:40Z,Sari Spuffard
GP186848D,Multi-lateral neutral service-desk,2022-03-09T11:03:59Z,Eolanda Gammon
MW262951A,Synergized fresh-thinking strategy,2021-05-29T23:11:03Z,Alasdair Gehrels
BL288808D,Switchable maximized pricing structure,2022-01-14T11:40:40Z,Darci Renneke
KX419504A,Quality-focused well-modulated instruction set,2021-05-28T21:54:49Z,Gerry Shakeshaft
OK988244C,Compatible user-facing local area network,2022-01-01T09:58:07Z,Tobiah Lawrence
XT872097C,Diverse 24/7 benchmark,2021-09-10T22:05:09Z,Kissie Beckson
TP168708D,Multi-tiered bandwidth-monitored array,2022-03-14T16:10:13Z,Billie Kadwallider
RE715299C,Vision-oriented leading edge artificial intelligence,2021-08-09T04:10:47Z,Amandi Heavy
CT435136C,Networked didactic encoding,2021-08-26T05:21:05Z,Perceval Spata
CK180151D,Future-proofed human-resource instruction set,2022-03-02T15:44:48Z,Dara Montier
ER283810B,Multi-channelled optimal productivity,2021-10-25T02:55:03Z,Karel Mallows
SM434138D,Integrated client-server focus group,2022-03-02T09:18:50Z,Berny Sheehan
WC712993C,Exclusive value-added attitude,2022-01-19T00:16:12Z,Rosabella Abelov
PR221465C,Fully-configurable non-volatile array,2021-07-24T18:27:15Z,Verge Lascelles
EW979444C,Face to face tangible database,2022-02-02T22:29:33Z,Kimmie Duberry
LW464651D,Synergistic human-resource strategy,2021-11-30T13:47:58Z,Kendra Bawdon
WN677372C,Team-oriented cohesive monitoring,2021-12-13T08:04:06Z,Benjy Folk
JA776938A,Quality-focused incremental moratorium,2021-08-06T03:08:26Z,Simone Duferie
GY558417A,Fully-configurable bottom-line protocol,2021-12-06T05:26:10Z,Loraine Prestage
LM276831A,Inverse foreground solution,2021-08-31T07:15:50Z,Nealon Geratasch
ZC990141A,Synergistic zero defect circuit,2021-06-08T12:42:38Z,Allen Vido
RE560335B,Centralized object-oriented help-desk,2021-10-10T06:26:16Z,Bertrando Axford
XW755724C,Pre-emptive empowering framework,2021-12-02T12:18:43Z,Patrick Folkes
PJ490620B,Visionary composite superstructure,2021-06-27T21:26:34Z,Leonardo Wiltshear
SN343446C,De-engineered stable project,2021-10-20T00:55:31Z,Alonso Galley
GS506834D,Robust modular synergy,2021-06-12T10:59:42Z,Mufi Gadie
XC189138A,Synergized fresh-thinking access,2021-08-24T23:17:49Z,Cherie Bault
PK352456B,Front-line 4th generation migration,2022-02-11T17:15:28Z,Bond Nayshe
KW184617B,Universal interactive project,2021-06-21T21:37:37Z,Didi Gosby
ZG768233C,Triple-buffered methodical framework,2021-10-23T23:50:47Z,Uriel Rymill
JP795044C,Right-sized systemic Graphic Interface,2022-02-02T12:08:09Z,Gustav Symers
AG987400B,Enterprise-wide fresh-thinking time-frame,2021-11-28T17:47:14Z,Sidoney Colliar
YY759289C,Triple-buffered disintermediate toolset,2022-04-10T17:22:18Z,Yasmin Bartolomucci
ER318945A,Progressive dedicated hub,2021-05-31T19:27:19Z,Tybie Quakley
AW398576C,Face to face impactful website,2022-01-13T16:32:40Z,Louella Ryrie
BA669309D,Diverse even-keeled encryption,2021-10-11T20:25:28Z,Barney Calderon
LW705679D,Advanced uniform alliance,2021-12-23T11:53:04Z,Westbrooke Eneas
CX434152B,Innovative context-sensitive workforce,2021-10-17T23:49:40Z,Maje McGauhy
XN344742A,Profit-focused interactive hierarchy,2021-08-17T04:32:11Z,Romonda Mardoll
PB352280C,Adaptive heuristic throughput,2021-08-16T21:08:24Z,Nicola Strettle
PT919710A,Progressive attitude-oriented info-mediaries,2021-07-11T03:37:12Z,Axel Cyseley
PX476646B,Face to face multi-state projection,2022-02-12T08:00:46Z,Dotty Bordone
RJ667237B,Reverse-engineered responsive synergy,2021-06-28T19:16:09Z,Bernadine Corain
RA962675C,Assimilated even-keeled parallelism,2021-08-07T13:46:02Z,Em Francello
GT391197D,User-friendly even-keeled pricing structure,2021-07-26T01:29:25Z,Marni McVanamy
TK498225C,Open-architected value-added frame,2022-01-14T18:40:38Z,Koressa Effnert
GZ729595B,Cross-platform methodical solution,2022-02-25T19:45:46Z,Bernie Higgen
GP910809D,Function-based real-time structure,2021-09-25T00:14:06Z,Darbee Methringham
YM167574A,Synergistic bifurcated parallelism,2021-08-15T15:30:13Z,Noam Arbon
NZ908133D,Reduced eco-centric installation,2021-12-16T07:43:58Z,Hillard Kirman
LS419791D,Enhanced discrete protocol,2021-05-23T09:06:52Z,Marji Bygrove
EN684604A,Grass-roots radical utilisation,2021-11-11T20:52:46Z,Martie Kassidy
OH497778D,Integrated scalable collaboration,2021-11-07T09:55:49Z,Oswell Neubigging
XG342086B,Profit-focused composite collaboration,2021-12-31T18:57:45Z,Terri Marton
NR171808A,User-centric systemic conglomeration,2021-11-11T15:58:38Z,Mellisa Keeble
LR152938D,Streamlined methodical emulation,2021-08-25T02:37:42Z,Shani Biagini
ZX166640A,Object-based content-based capacity,2021-07-31T00:08:36Z,Darill Braemer
EA876694B,Devolved empowering website,2021-07-10T12:19:04Z,Glynis Bennit
JA704598A,Focused transitional superstructure,2021-05-05T14:10:15Z,Nathaniel Gauvain
AR660002A,Operative transitional pricing structure,2022-02-15T08:52:00Z,Brok McGookin
RR912697D,Virtual multi-state help-desk,2022-01-08T09:34:43Z,Hayden Stenyng
EK625158D,Reduced systematic extranet,2022-02-21T09:26:05Z,Brande Ierland
HA108726A,Innovative analyzing data-warehouse,2021-11-25T19:05:27Z,Roze Dutchburn
OJ433774A,Business-focused demand-driven hierarchy,2021-05-27T13:24:23Z,Abramo Wyllcocks
NJ813533B,Grass-roots 6th generation neural-net,2021-07-09T16:22:36Z,Reba Housley
PT630068A,Integrated zero tolerance capacity,2021-11-19T10:16:48Z,Madelon Whitland
YH979287B,Face to face discrete toolset,2021-10-26T21:47:03Z,Brnaby Keoghan
PY903732D,Synergistic mobile customer loyalty,2021-06-30T16:06:09Z,Lauryn Gault
YN580947A,Focused discrete encoding,2021-10-14T14:40:11Z,Alexine Dressell
EH775121B,Polarised analyzing secured line,2021-10-09T03:45:50Z,Erminie Botly
ZB257166D,Function-based incremental local area network,2021-05-28T18:47:11Z,Patrizia Leipnik
EE190907B,Inverse fresh-thinking project,2021-08-17T15:19:56Z,Foss Breston
HR206546B,Configurable directional migration,2022-01-25T15:30:05Z,Lia Lister
NX583332A,Innovative multi-tasking conglomeration,2021-08-16T02:33:00Z,Cory Ellings
XP792462C,Integrated tangible installation,2021-09-10T11:24:03Z,Granger Bolf
SB566586D,Automated composite extranet,2021-07-28T06:58:55Z,Shoshanna Phillp
XS115586B,Customer-focused systematic local area network,2021-11-06T19:33:34Z,Tandie Streeton
NA857120C,Function-based fresh-thinking attitude,2021-10-16T05:50:11Z,Kenneth Storm
ZG522475A,Configurable client-server ability,2021-07-06T05:29:29Z,Lynnell Blaksland
RG635641A,Multi-channelled actuating project,2022-03-28T23:29:19Z,Kassi Caldero
TJ950260A,Visionary stable challenge,2021-09-04T00:46:45Z,Jayme Meacher
LN430312D,Universal directional process improvement,2021-09-19T09:57:48Z,Dalt O'Keenan
ZB988457C,Cross-platform asynchronous methodology,2021-07-31T03:35:03Z,Chantal Herries
TW491642A,Intuitive transitional paradigm,2021-11-20T06:39:18Z,Karlie Abrahamowitcz
OC179467D,Sharable executive moratorium,2021-05-20T08:21:39Z,Daffie Buckie
MZ460871D,Upgradable zero tolerance system engine,2021-12-15T12:32:50Z,Evy Berriball
TT447094B,Inverse human-resource time-frame,2021-09-24T21:56:15Z,Gunilla Strasse
YE883449B,Stand-alone empowering throughput,2021-09-15T22:49:08Z,Ardisj McLaverty
JH724756C,Realigned intangible challenge,2022-03-24T09:19:14Z,Bibbye Leeburn
PT621854C,Robust client-driven implementation,2021-10-19T23:10:01Z,Maximilianus Blazej
RW570528C,Innovative solution-oriented focus group,2021-11-20T17:44:54Z,Vale Bucham
XH877864D,Reduced systemic alliance,2021-12-14T15:21:04Z,Cortney Pavluk
ZT572839C,Multi-channelled national orchestration,2021-10-09T06:08:40Z,Dode Westwood
XC741847A,Ameliorated 24 hour parallelism,2021-05-17T07:53:20Z,Stefania Cote
BH398457A,Grass-roots well-modulated conglomeration,2021-05-14T05:06:58Z,Townie Van Oord
NH821655D,Robust secondary monitoring,2021-09-19T20:53:30Z,Vinson Bacher
LA131892D,Multi-lateral hybrid utilisation,2021-06-05T16:14:40Z,Edgard Elvish
KL338794B,Synchronised exuding hardware,2022-02-25T21:04:22Z,Kore Fellon
HK489781C,Profound high-level adapter,2021-09-22T04:31:38Z,Shaine Sirmon
ZR346565B,Customizable high-level array,2021-09-22T02:53:53Z,Aloysius Leale
PH566657D,Streamlined interactive leverage,2021-05-14T07:45:33Z,Maye McOnie
ZP808799C,Enterprise-wide static database,2021-06-19T04:31:29Z,Vern Goodbody
GR278143B,Persistent asynchronous service-desk,2021-05-23T15:07:35Z,Saxon Furmonger
OK843794A,Devolved heuristic neural-net,2021-07-16T17:38:23Z,Joe Jamson
EZ875677A,Self-enabling multi-tasking conglomeration,2022-01-06T01:19:55Z,Valli Crichten
SA512552C,Synergistic value-added model,2021-07-10T21:08:15Z,Archaimbaud Laible
ZC797711B,Sharable clear-thinking monitoring,2021-07-02T11:55:19Z,Camile Harvard
RB430558C,Ameliorated modular secured line,2021-08-03T18:28:26Z,Hector Cunniffe
PP771943C,Reverse-engineered dedicated local area network,2021-05-27T10:09:42Z,Gypsy Whitington
YA745158D,Team-oriented holistic framework,2022-01-10T12:18:34Z,Lorne Samudio
XS980468D,Multi-lateral explicit synergy,2021-07-13T06:23:49Z,Mahmoud Jodlowski
CH734759A,Open-architected interactive paradigm,2021-05-12T09:01:36Z,Philis Doree
ZW565691A,Organized 5th generation utilisation,2021-12-27T08:27:34Z,Schuyler De la Harpe
PM218828B,Diverse cohesive concept,2022-01-23T08:19:07Z,Ebony Bottle
HR406427C,Organic foreground support,2021-07-21T17:57:33Z,Kasey Mockler
JW220490C,Multi-channelled incremental intranet,2022-01-31T05:36:28Z,Otes Swallow
TM230154C,Profound object-oriented process improvement,2021-11-28T07:35:54Z,Dick Keattch
BL453400D,Enterprise-wide dedicated neural-net,2021-12-02T21:06:44Z,Seymour Bocking
NP797671A,Integrated needs-based collaboration,2021-07-14T01:53:03Z,Silvanus Rasmus
MA826339D,Robust hybrid core,2021-12-03T21:08:00Z,Windham Winnett
CY246610A,Fully-configurable systemic model,2021-07-09T22:08:01Z,Lodovico Ballefant
YK627905A,Customizable object-oriented emulation,2021-05-04T17:00:05Z,Ewart Duckinfield
AE848558D,Stand-alone systematic definition,2021-06-23T05:57:43Z,Padraig Pallis
JR752320D,Quality-focused fault-tolerant algorithm,2021-08-14T02:12:33Z,Rosalia Petric
PM137975C,Devolved asynchronous service-desk,2021-06-24T09:23:18Z,Guglielma Hurtic
HT659802B,Ergonomic discrete standardization,2022-01-27T17:03:09Z,Nollie Durnall
ON171491A,Streamlined solution-oriented initiative,2021-05-16T00:15:43Z,Padgett Ellissen
LB188241A,Ameliorated content-based capacity,2021-06-17T00:07:07Z,Barbaraanne Tighe
XG173056C,Mandatory even-keeled middleware,2021-09-12T10:46:07Z,Hanan Leverton
GM355742A,Customer-focused demand-driven focus group,2022-03-08T04:40:44Z,Gilberto Tranmer
KG531657B,Universal web-enabled info-mediaries,2021-06-21T02:37:08Z,Consolata Sculpher
CR236314B,Polarised multi-state paradigm,2021-11-10T09:32:08Z,Shelagh Hayball
XG232848D,Re-contextualized national hub,2022-02-16T03:28:07Z,Romola Skelbeck
KL857161D,Organized responsive throughput,2021-10-30T00:36:26Z,Ivar Quartly
RW151719A,Stand-alone content-based neural-net,2021-12-10T23:46:05Z,Tracie Marran
MR650634C,Focused radical matrix,2021-09-27T01:17:17Z,Vlad Hercules
KB529660A,Optional object-oriented moderator,2021-11-16T11:45:59Z,Bethanne Ashurst
WR976701D,Inverse multi-state flexibility,2022-03-15T07:45:27Z,Belicia Stubbert
NC438731C,Upgradable 6th generation focus group,2022-01-29T20:03:16Z,Gaile Ferrier
SE763892C,Function-based asymmetric project,2022-04-15T13:55:35Z,Vitoria Donan
GG572947C,Synergized 24/7 pricing structure,2021-09-25T01:08:22Z,Harriett Emms
JG140457C,Face to face stable data-warehouse,2021-07-18T08:48:26Z,Agatha Stebbings
AG376766D,Realigned web-enabled monitoring,2021-09-10T08:52:41Z,Elane Paireman
EB206038A,Centralized 24 hour encoding,2021-06-18T03:03:41Z,Derby Hullyer
TY830504C,Robust attitude-oriented contingency,2021-06-01T20:04:11Z,Conney Kopecka
ZC297276A,Object-based disintermediate local area network,2021-10-16T06:45:31Z,Ephrayim Bendle
YB183082B,Customer-focused heuristic support,2021-07-16T06:03:06Z,Colene Gorman
JN383219C,Fundamental content-based project,2021-08-23T20:30:19Z,Asia McHale
ZC862381D,Public-key real-time open architecture,2021-08-05T09:57:16Z,Richmound Keel
CZ133973B,Realigned user-facing product,2021-07-08T23:59:08Z,Anneliese Meininger
TT605632B,Expanded multi-state moderator,2021-09-11T20:09:39Z,Cornelle O'Dyvoy
EZ450152D,Focused disintermediate implementation,2021-07-08T16:56:58Z,Antoine Toffolini
HW825884A,Advanced hybrid budgetary management,2021-09-09T08:56:42Z,Nat Brigman
NC868796B,Quality-focused heuristic adapter,2022-04-15T14:41:25Z,Josefina Frango
MC932026B,Inverse zero defect product,2021-09-09T22:20:30Z,Fina Gasticke
HC695415D,Optional modular extranet,2021-08-09T03:16:16Z,Marsh Dible
PK720643B,Business-focused context-sensitive database,2021-12-24T05:33:17Z,Renata Parlet
TZ786117C,Business-focused encompassing customer loyalty,2021-11-29T17:14:14Z,Phaedra Pillans
XS393216A,Pre-emptive upward-trending flexibility,2021-10-13T11:24:12Z,Nicolea Meffin
YN228256C,Team-oriented tertiary open system,2021-06-17T03:54:05Z,Vivi Peller
YA508750A,Total 6th generation protocol,2021-12-04T15:37:05Z,Bil Murrigan
XX364140A,Distributed executive toolset,2021-10-21T18:13:07Z,Leroi Merrett
BE773755A,Robust 24 hour adapter,2021-12-20T02:38:19Z,Morlee Haddleston
XN410575C,Synergistic executive hub,2022-03-04T14:40:28Z,Tyler Dodimead
JR336116A,Multi-channelled grid-enabled functionalities,2021-10-17T00:41:35Z,Abigale Newlands
XA549516B,Centralized eco-centric artificial intelligence,2022-03-04T19:56:20Z,Finn Lumsdall
EC164831B,Cross-group incremental interface,2021-08-26T22:25:24Z,Darcy Kief
AM600793A,Cross-platform methodical policy,2021-08-24T19:31:41Z,Rona Hugenin
AT434253B,Cloned mobile matrix,2022-02-28T15:40:57Z,Ellette Feedham
WP378158C,Fully-configurable 6th generation hardware,2022-04-02T23:59:25Z,Milo Meadley
WP596949B,User-centric neutral website,2021-07-05T04:39:52Z,Tremayne McGinn
ZS858575A,Cross-platform 6th generation Graphical User Interface,2022-01-29T09:15:22Z,Missy McCarver
EP256670A,Open-source tangible projection,2022-02-28T20:02:45Z,Anton Matusov
NA571698B,Progressive real-time collaboration,2021-10-24T20:25:29Z,Olympia Mompesson
LP888709D,Reduced multi-state capacity,2021-10-13T00:44:31Z,Reba Fernier
XX565435A,Organized demand-driven array,2022-02-09T11:49:25Z,Faina Chapman
HC691749B,Fundamental even-keeled local area network,2021-09-03T02:02:02Z,Barney Kneeland
OE497972B,Visionary discrete extranet,2022-04-12T22:27:08Z,Jason Lathe
HL876143B,Right-sized motivating project,2021-10-01T17:54:39Z,Donall Caldeyroux
SE500262B,Focused solution-oriented approach,2022-02-07T19:16:08Z,Ram Vogel
BZ563770D,Managed exuding intranet,2021-09-07T13:19:36Z,Bernita Fritter
GH539367B,Profound 3rd generation access,2021-05-15T19:29:41Z,Fred Arsmith
EG185581D,Open-source asynchronous info-mediaries,2022-03-26T20:41:16Z,Ardis Kwiek
RW765540D,Synergistic bifurcated toolset,2021-10-08T13:34:41Z,Belicia Ferrand
CY164225C,Down-sized non-volatile service-desk,2021-12-11T09:48:27Z,Linoel Keri
SL872409D,Versatile asynchronous groupware,2021-08-18T04:22:30Z,Aurilia Clifford
RJ669732A,Expanded neutral support,2022-04-03T02:59:44Z,Georgena Mariaud
RM945106A,Balanced directional archive,2021-07-05T15:05:44Z,Biddie Tapton
ZW540717D,Programmable 24/7 standardization,2022-02-09T22:26:11Z,Lucias Doorly
RE530546D,Compatible explicit leverage,2022-02-08T21:05:10Z,Traver Wallbrook
RH983874C,Diverse non-volatile installation,2022-01-16T05:03:21Z,Marika Ruzicka
XY401993C,Down-sized exuding moderator,2021-07-10T21:27:46Z,Arny Kochel
HS912020D,Reverse-engineered multi-tasking help-desk,2021-07-13T04:10:59Z,Humbert Cartmale
JB524799C,Object-based cohesive solution,2021-12-30T05:42:05Z,Marcel Welman
RK593687C,Vision-oriented foreground hierarchy,2021-11-27T05:44:58Z,Sandi Ellgood
SS896918B,Pre-emptive static product,2021-11-13T15:35:58Z,Yolanthe Bakhrushkin
GR523525D,Horizontal tertiary concept,2022-03-28T00:50:41Z,Karoline Windebank
GY434538A,Multi-lateral hybrid model,2021-08-25T16:38:44Z,Viviene Pratton
LB839310D,Vision-oriented client-server customer loyalty,2021-12-17T05:09:37Z,Bald Chisnall
YH236683B,Total 24/7 standardization,2022-03-08T19:13:46Z,Wittie Bartunek
NX341882C,Synergistic background support,2021-09-15T02:47:22Z,Lanni Mantione
XH278081B,Triple-buffered holistic adapter,2022-01-06T20:48:14Z,Camila Spellacy
KW691921A,Managed discrete service-desk,2021-07-01T02:04:21Z,Mollie Skottle
TW215482C,Synergized hybrid leverage,2022-04-07T01:57:03Z,Zandra Entres
SA503628A,Reduced 5th generation benchmark,2022-03-06T03:11:27Z,Kev Tookey
LH386218A,Function-based client-driven software,2021-06-28T06:00:41Z,Dottie Horsburgh
NA432848D,Configurable static implementation,2021-08-22T15:49:34Z,Rem Sawers
LM675768D,Profit-focused value-added interface,2021-09-10T13:08:14Z,Izak Donne
WW771373B,Expanded fresh-thinking forecast,2022-04-08T13:11:29Z,Stormy Espada
XB624819D,Seamless 24/7 middleware,2022-02-19T06:14:31Z,Lona Lyes
AB838079D,Fully-configurable user-facing flexibility,2021-09-02T13:48:11Z,Carroll Vakhlov
OJ674143A,Grass-roots tangible orchestration,2021-05-23T07:03:45Z,Ambrosius Gianulli
SP694105D,Total optimizing knowledge user,2021-11-11T11:43:31Z,Etty Bricket
CG793404C,Configurable zero administration project,2021-08-16T04:14:33Z,Aggy Broinlich
CG480903C,Persistent client-driven orchestration,2022-01-07T13:54:47Z,Billi McPhelim
TH806390C,Streamlined multi-state database,2021-10-20T04:18:58Z,Torin Instock
ZR240772A,Inverse web-enabled adapter,2021-06-27T11:10:52Z,Mathilda Balmforth
AB435895A,Progressive attitude-oriented artificial intelligence,2021-09-05T06:23:19Z,Letti Cicutto
NZ690300C,Front-line homogeneous migration,2021-07-13T06:30:42Z,Anna-maria Catchpole
CG219343A,Managed real-time model,2022-01-16T19:02:12Z,Booth McKeady
CC899228C,Reactive national installation,2022-03-20T15:12:43Z,Thornton Yokel
GW407524B,Extended web-enabled matrices,2021-12-30T14:32:26Z,Misty Brussels
XA292268A,Profound bottom-line challenge,2021-12-11T17:58:04Z,Hastings Haquard
RA242912A,Synergized clear-thinking complexity,2022-03-25T01:53:42Z,Rubi Walbridge
ER927782A,Face to face didactic database,2021-08-18T19:59:53Z,Abagael Ransley
TY986079C,Cross-group bottom-line array,2021-08-01T14:07:29Z,Judye Melonby
YT196333B,Persistent intangible toolset,2022-04-08T08:26:16Z,Bee Lorey
PS534287C,Profit-focused demand-driven interface,2022-02-23T00:20:09Z,Janean Skipworth
BK126992D,Customizable maximized project,2022-01-26T15:25:05Z,Sullivan Selwyne
JK531107A,Exclusive mission-critical matrix,2021-12-21T01:07:32Z,Rosemarie Croisier
BZ426552A,Innovative bandwidth-monitored leverage,2021-10-29T07:52:36Z,Kinsley McEneny
ZX843294A,Ameliorated radical orchestration,2021-06-11T01:40:52Z,Catina Eymer
AM575219C,Reactive content-based definition,2022-03-16T04:33:36Z,Almire Donnelly
OA401714B,Integrated uniform contingency,2021-07-19T22:51:55Z,Ranee Schlagman
SM476882B,Cloned system-worthy access,2022-03-04T20:25:16Z,Concettina MacGow
PS353589A,Ergonomic 5th generation conglomeration,2021-11-18T06:30:54Z,Carlyn Dearl
TC275294D,Persevering national hub,2021-09-26T07:44:03Z,Brody Andrini
YA536104C,Down-sized tangible interface,2021-10-28T02:30:15Z,Irwinn Kenneford
ME518808B,Upgradable holistic solution,2022-02-13T18:23:27Z,Faun Badrock
MY920287A,Integrated non-volatile initiative,2021-06-01T22:22:39Z,Dita Linskey
MS114504B,Automated full-range model,2022-03-23T10:26:45Z,Othilie Sima
SX645841C,Persevering logistical time-frame,2021-07-21T05:22:39Z,Cos Cobbin
RB803516C,Versatile secondary capacity,2021-10-25T18:35:42Z,Connie Rudledge
XS619548A,Quality-focused bottom-line success,2021-05-13T21:45:29Z,Wells Snalom
MS457133B,Reduced optimal interface,2021-07-12T03:47:20Z,Blisse Mosedale
OH170284A,Multi-layered context-sensitive software,2021-10-09T04:00:19Z,Emmalyn Key
OS717898B,User-centric zero defect hierarchy,2021-12-11T13:16:51Z,Major Mannooch
SH630926C,Diverse encompassing knowledge user,2021-11-25T17:42:41Z,Berky Litster
MC504984B,Integrated regional utilisation,2021-07-30T05:47:53Z,Maurie Brandacci
SB346775A,Organic grid-enabled encryption,2021-05-18T12:41:56Z,Jeanine Giovannelli
XC513661C,Decentralized even-keeled firmware,2021-10-04T09:18:07Z,Mack Craigg
ZP895861D,Synergized scalable leverage,2021-09-09T04:07:19Z,Spencer Sieghard
SE206812D,Expanded tangible customer loyalty,2021-10-01T14:02:00Z,Wheeler Skacel
XA237925B,Seamless web-enabled implementation,2021-05-02T23:18:52Z,Killy Toppin
TA418456D,Virtual next generation implementation,2021-05-29T04:41:31Z,Goldia Dunton
YT830062D,Intuitive disintermediate data-warehouse,2022-01-27T03:07:33Z,Christiane Stirley
PN294059C,Versatile uniform data-warehouse,2022-02-27T23:04:00Z,Tiphany Georgeau
ZM961359C,Public-key intermediate database,2021-05-29T02:39:15Z,Bill Vittery
JN104886B,User-friendly coherent instruction set,2021-11-11T01:33:58Z,Corina Sambals
JX664724C,Advanced value-added conglomeration,2021-11-05T01:00:59Z,Norris Haffard
NJ428608B,Focused holistic complexity,2021-11-14T23:09:08Z,Chadwick Bugg
BB620243B,Universal systematic complexity,2021-05-07T08:29:37Z,Bette-ann Fludder
GP167270D,Ergonomic hybrid capability,2021-11-28T14:10:55Z,Pieter Lount
HG717169B,Optional uniform support,2022-04-08T02:03:33Z,Townsend Kitcher
PA239752B,Sharable modular portal,2021-10-05T00:02:36Z,Edmund Lomath
ZR809372C,Customer-focused well-modulated hardware,2022-03-01T08:30:28Z,Rickie Glasheen
HB565315A,Upgradable human-resource moratorium,2022-01-07T15:14:56Z,Dorthea Widdowson
RS786305D,Compatible national policy,2022-03-28T08:10:53Z,Iorgos McAvinchey
OB629968D,Innovative grid-enabled orchestration,2021-07-02T02:09:25Z,Duncan Ambrogio
NC339070A,Monitored asymmetric success,2021-10-15T17:45:56Z,Jacki Pabst
SB199651A,Vision-oriented heuristic alliance,2021-07-21T05:36:42Z,Angeline Prescot
AW292780C,Robust multi-tasking benchmark,2021-08-14T13:28:02Z,Giulio Gheeorghie
ON566086A,Decentralized logistical forecast,2021-06-29T12:54:22Z,Herve Wardesworth
AK184706B,Centralized transitional groupware,2021-08-23T06:11:31Z,Angelique Cathersides
EN418394D,Centralized motivating time-frame,2021-09-24T09:06:39Z,Bobby McAdam
LR348738B,Profound attitude-oriented projection,2021-08-07T04:02:04Z,Billie Docherty
CZ651466A,Fully-configurable responsive product,2022-01-21T08:51:19Z,Malina Robiot
RG486590B,Assimilated radical infrastructure,2021-09-10T22:29:17Z,Nathalie Heatlie
ZX323615D,Centralized zero tolerance solution,2021-11-16T21:54:04Z,Micaela Mattiello
GN735590C,Customizable even-keeled archive,2021-07-16T20:10:54Z,Cristine Alflat
LK794797B,Profit-focused 5th generation local area network,2021-11-03T14:02:54Z,Nappie Shorbrook
NB380628A,Expanded logistical software,2022-01-17T11:34:43Z,Cesare Garley
LK190092C,Multi-lateral multi-tasking methodology,2021-07-06T21:09:38Z,Corey Goretti
SL320446D,Progressive leading edge productivity,2021-09-21T21:32:00Z,Brinna Conring
OB353467B,Synergized leading edge database,2021-12-17T09:59:16Z,Nicola Siney
LM470300D,Expanded radical task-force,2021-07-22T16:36:17Z,Wini Shier
WZ765899B,Reactive bifurcated leverage,2021-10-21T05:17:20Z,Pennie Tyrone
EM870984D,Progressive explicit process improvement,2021-11-06T09:57:30Z,Marris Gerald
JE335556A,Enhanced 24 hour concept,2022-02-06T00:22:15Z,Devondra Lindback
PA643832A,Down-sized system-worthy middleware,2021-09-05T18:53:31Z,Milli Morfield
PL662627C,Total discrete knowledge base,2021-12-02T06:47:08Z,Dewain Bellany
CA135012D,Compatible dedicated projection,2022-03-25T11:01:42Z,Elton Kersley
EK595631C,Optimized zero tolerance contingency,2022-01-19T01:11:36Z,May Cookman
KE829789D,Re-engineered homogeneous hardware,2021-09-05T03:07:07Z,Britta McCaskill
GC709615A,Versatile dedicated monitoring,2021-06-10T17:54:46Z,Tobey Cameron
KA277482D,Open-source exuding emulation,2021-08-18T14:23:00Z,Welch Spires
NJ451226C,Self-enabling transitional matrix,2021-11-30T20:47:10Z,Margaret Pay
HR299172D,Advanced homogeneous matrix,2021-09-14T11:15:02Z,Zelig Palatino
SY959157B,Multi-channelled well-modulated help-desk,2021-10-01T05:37:23Z,Brandtr Woolerton
OC395064C,Secured multi-state model,2022-02-05T04:56:20Z,Jard Lanbertoni
CH185914D,Stand-alone multi-tasking website,2021-12-05T18:03:59Z,Noah Lashford
MM774903A,Integrated 4th generation installation,2021-10-17T01:38:33Z,Moll Conklin
XB904543D,Proactive 24/7 open system,2021-12-06T14:33:12Z,Meade Golsworthy
RC248398C,Grass-roots human-resource open architecture,2021-09-10T02:49:37Z,Melonie Tomczykowski
SL910017D,Secured next generation task-force,2021-08-08T19:59:58Z,Dara Dandie
WW630422D,Re-engineered motivating approach,2021-06-16T02:55:46Z,Jordan Dowker
WK306647D,Re-contextualized background toolset,2021-05-14T00:39:48Z,Susanetta Phelp
MM414044B,Assimilated global forecast,2021-12-23T00:16:10Z,Hy Witheridge
YJ399828B,Down-sized client-driven help-desk,2022-03-04T17:12:05Z,Tristam Gould
HT519897D,Adaptive intermediate infrastructure,2021-11-17T17:27:02Z,Suzann Coutthart
OB401852A,Persevering exuding service-desk,2022-03-09T12:57:28Z,Sayer Bleesing
XM791203C,Organized national core,2021-12-24T07:45:36Z,Hettie Hewins
KT964479B,Expanded intangible success,2021-07-18T04:51:05Z,Roth Mathers
KA535943B,Enhanced directional projection,2021-12-23T07:09:57Z,Ericka Bartoszinski
HZ884609A,User-friendly bottom-line intranet,2021-05-22T10:34:03Z,Evyn Pamphilon
OC484346A,Organized impactful synergy,2021-06-04T16:33:36Z,Farlie Starrs
YE201071B,Total foreground standardization,2021-08-16T15:56:21Z,Dru Lines
OC568599A,Cross-platform asymmetric budgetary management,2021-12-24T06:04:38Z,Melisenda Kimmins
MS999998B,Stand-alone explicit application,2022-02-25T06:26:56Z,Gard Beach
KT525506D,Pre-emptive demand-driven Graphic Interface,2021-10-13T19:35:29Z,Lissy Teeney
AB845959C,Multi-layered contextually-based hierarchy,2021-07-30T01:48:13Z,Emelyne Ridehalgh
RM403486A,Enterprise-wide systemic capacity,2022-02-13T12:04:41Z,Monica Lanyon
PZ697439B,Automated logistical knowledge user,2021-06-30T04:44:20Z,Jacquenette Boagey
EH862301D,Cross-platform impactful initiative,2022-02-16T07:32:41Z,Duke Adrian
HW268070D,Virtual heuristic methodology,2022-02-25T09:45:29Z,Melisa Sparke
ZK386515A,Expanded systemic archive,2022-03-18T17:48:04Z,Jacob Rawsen
BM453812D,Profit-focused modular policy,2021-08-16T03:11:54Z,Sabra Josovitz
NB192187B,Focused high-level Graphical User Interface,2022-04-12T05:14:14Z,Alexa Dandison
BY951105A,Intuitive leading edge groupware,2021-11-11T14:52:50Z,Kacey Boyan
TW892253B,Synchronised incremental architecture,2021-07-02T04:55:42Z,Ronni Pflieger
CK816731D,Organic dedicated customer loyalty,2021-09-20T20:02:26Z,Charlie Reightley
ZR175475C,Team-oriented 24/7 function,2022-04-03T09:34:47Z,Sabra Plester
NY138643A,Diverse eco-centric concept,2022-03-10T19:01:25Z,Woodman Clayton
CJ115506C,Focused local local area network,2021-08-14T02:07:16Z,Clare Jude
ZH628948D,Focused local service-desk,2022-01-21T14:42:02Z,Jamesy Baudassi
RM967627B,Ergonomic bandwidth-monitored customer loyalty,2022-04-04T10:11:28Z,Kare Grichukhin
OH500907A,Switchable foreground success,2021-09-04T03:02:24Z,Joyce Kiera
JT449279D,Pre-emptive clear-thinking encoding,2022-01-04T04:52:21Z,Leone Berthot
KJ786595A,Re-contextualized needs-based methodology,2022-02-27T17:13:07Z,Kerrie De Bruijne
JY898936D,Implemented optimizing projection,2022-01-15T20:15:45Z,Mendel Shurville
YT558004D,Grass-roots context-sensitive standardization,2021-08-17T05:09:54Z,Jane Island
SL266187C,Open-source client-server utilisation,2021-10-13T10:40:58Z,Konstance Bernuzzi
KZ954121C,Balanced multi-tasking solution,2021-07-17T00:02:03Z,Maximo Bettanay
ML806250D,Compatible dedicated monitoring,2022-03-04T06:40:13Z,Germayne Leadstone
GR266554D,Ergonomic homogeneous database,2021-06-18T20:36:25Z,Guendolen Hutten
NH146690A,Operative systematic capacity,2021-05-23T08:51:23Z,Kassey Redd
LH169872D,Business-focused 3rd generation migration,2021-05-17T13:26:29Z,Britta Tubridy
RB701220D,Diverse actuating matrices,2021-06-05T11:50:58Z,Rosie Seger
EK731015C,Customer-focused executive secured line,2021-12-12T06:25:37Z,Sanford Alwen
OL193579C,Extended user-facing workforce,2022-01-26T18:59:34Z,Blane Edworthie
WX521752C,Multi-layered coherent benchmark,2021-07-11T08:26:01Z,Zoe Kelleher
YY338185D,Function-based mission-critical hierarchy,2021-05-10T19:39:20Z,Arluene Pohling
LK766198A,Up-sized 3rd generation orchestration,2021-06-07T11:21:04Z,Laural Rustidge
XL267762D,Synergized uniform matrix,2021-08-18T22:45:06Z,Colas Vallentin
JB510858A,Polarised 24 hour frame,2022-03-07T19:10:04Z,Ashlin Deal
LH957780C,Operative tertiary benchmark,2021-12-11T03:07:04Z,Guendolen Brinicombe
BL816030A,Automated asynchronous monitoring,2022-03-30T20:57:36Z,Atalanta Greated
XX807834A,Reduced dynamic structure,2021-10-23T18:49:07Z,Jude Stiles
LH615944A,Ergonomic system-worthy contingency,2022-02-24T15:23:47Z,Tallou Hatfull
JC418064C,Multi-layered demand-driven archive,2021-11-25T00:03:31Z,Aguistin Radleigh
GC219389D,Intuitive even-keeled project,2022-01-15T15:20:00Z,Damiano Futty
TG353596A,Persistent uniform system engine,2022-04-09T05:35:01Z,Heinrick Dummigan
TM395522C,Cloned fault-tolerant collaboration,2021-11-04T19:46:05Z,Donalt Risen
GA565870A,Polarised empowering encryption,2022-02-22T04:08:56Z,Hillyer Yourell
LC571447D,Customer-focused contextually-based standardization,2021-09-09T01:11:52Z,Meier Jessopp
AL509941A,Synchronised scalable synergy,2021-09-03T15:19:54Z,Stephi Dikle
NR951682C,Stand-alone radical toolset,2021-05-09T10:12:27Z,Kathye Sinton
BE580869D,Integrated reciprocal hierarchy,2021-05-05T05:42:45Z,Kippy Grzelczyk
SY342104D,Synergistic coherent conglomeration,2022-01-04T20:22:51Z,Imogen Sommersett
KW904674D,Stand-alone homogeneous archive,2021-07-05T22:51:31Z,Issie Blamey
EE658614B,Automated incremental architecture,2021-12-09T02:43:49Z,Natalie Roder
ZP513131A,Object-based clear-thinking monitoring,2022-03-21T03:18:18Z,Nessie Waltering
HK285671D,Synergistic multi-state throughput,2021-08-14T01:00:06Z,Lancelot Eykel
KX258300D,Grass-roots static contingency,2021-09-11T19:42:59Z,Rochette Scripps
TM230278B,Adaptive neutral intranet,2022-02-02T13:40:09Z,Inglebert Speechley
HC420241C,Front-line multi-tasking conglomeration,2022-02-17T20:35:33Z,Sherill Chason
ZC632023B,Polarised analyzing frame,2022-02-06T07:01:23Z,Emelen Mingardi
PY884047B,Assimilated asynchronous benchmark,2021-08-29T21:44:57Z,Piggy Lain
HJ107111A,Enterprise-wide contextually-based throughput,2021-08-10T18:00:04Z,Milli Rennard
OC495369B,Seamless zero tolerance product,2022-01-21T04:31:49Z,Hailee Sute
HK355387B,Streamlined multimedia encoding,2021-07-03T17:15:44Z,Linda Richmont
KA310357D,Monitored value-added projection,2021-10-17T23:08:49Z,Trumann Godbehere
EL426477D,Universal homogeneous projection,2022-04-02T04:54:45Z,Jessa Medd
MW800043B,De-engineered demand-driven artificial intelligence,2022-02-04T19:28:47Z,Veronique Clemo
WG751825A,Open-source actuating instruction set,2021-05-13T22:19:22Z,Frasco Coggin
PT605611C,Cross-platform stable service-desk,2022-03-13T20:57:46Z,Miles Cajkler
AE661545D,Synchronised secondary frame,2022-04-13T03:59:29Z,Ram Tedridge
RA235476B,Sharable needs-based portal,2022-02-23T11:46:11Z,Jedediah Gussie
CH692157D,Mandatory dynamic adapter,2021-05-03T13:11:32Z,Dalia Henri
SS843293D,Right-sized real-time neural-net,2021-06-01T00:17:36Z,Rebeca Clemett
PH350131A,Progressive maximized hub,2021-06-22T09:14:19Z,Chryste Guiel
PC154918B,Virtual 4th generation info-mediaries,2021-08-31T17:46:34Z,Abba Wein
EL655732A,Cloned global strategy,2021-05-26T06:57:34Z,Norby Jarrard
PM400052A,Decentralized holistic instruction set,2021-06-28T14:11:20Z,Beulah Hutton
HB668248B,Configurable scalable leverage,2021-08-03T00:51:33Z,Jenelle Toppin
GZ138876C,Open-source discrete core,2021-10-06T00:53:02Z,Gusty Pedrollo
XZ920338C,Intuitive regional strategy,2021-06-24T22:58:23Z,Krystle Beamand
KC817570B,Focused full-range migration,2022-04-16T08:44:05Z,Linnet Franies
YE850618D,Grass-roots background help-desk,2021-10-30T14:45:36Z,Milicent Curphey
MJ964979A,Down-sized impactful website,2021-08-01T20:41:07Z,Roscoe Crix
OY103347C,Object-based tangible approach,2021-12-02T21:34:42Z,Cheslie Speake
KJ635693B,Sharable 4th generation pricing structure,2021-10-24T19:15:50Z,Helen Postins
KS669006C,Public-key intermediate throughput,2022-01-14T22:40:12Z,Nevile Iddon
WR287691A,Distributed eco-centric Graphical User Interface,2021-05-08T21:22:08Z,Cale Brecknell
CL334325B,Automated 5th generation synergy,2021-07-30T14:51:55Z,Jeno Simm
JT664701B,Open-source analyzing collaboration,2021-11-10T18:40:07Z,Monique Tolley
ZC593383C,Cloned demand-driven architecture,2022-01-01T21:48:13Z,Perry Sebert
BL718815A,Organic intangible toolset,2022-02-06T00:37:12Z,Marielle Cherry
HC387449C,Networked actuating moratorium,2021-08-09T19:21:30Z,Rip Leupold
XB693443C,Optional object-oriented moratorium,2021-07-25T20:28:13Z,Nils Coopper
XJ193044A,Extended zero tolerance matrix,2021-12-07T16:31:56Z,Agnese Wenham
XW243580C,Configurable neutral portal,2021-05-05T07:20:35Z,Juliann Reisenstein
YK458313B,Diverse actuating analyzer,2022-01-19T21:53:20Z,Collie Towle
TP404801B,Diverse foreground encoding,2022-02-21T21:07:01Z,Odette Gleadle
WE858605B,Innovative uniform help-desk,2021-08-13T10:00:57Z,Joni Jarmyn
MZ849558C,Multi-lateral composite knowledge base,2022-01-29T00:26:54Z,Ford O'Quin
ME819756D,Persevering 24/7 support,2021-08-10T16:19:04Z,Marquita Baggalley
RE218680D,User-friendly even-keeled data-warehouse,2021-06-07T12:40:35Z,Donavon Whissell
EA296841B,Exclusive logistical extranet,2021-10-30T21:55:32Z,Gerianne Jankin
CS558862D,Pre-emptive fresh-thinking product,2022-04-11T09:39:49Z,Zilvia Cornew
NE227788D,Persistent zero tolerance knowledge user,2022-01-07T09:10:44Z,Florance Carbert
JA307297B,Face to face actuating archive,2021-06-07T12:12:07Z,Emily Emmanueli
MX164013C,Progressive intermediate definition,2022-03-27T23:09:18Z,Ellsworth O' Faherty
RG263547B,Public-key directional strategy,2021-11-29T21:33:13Z,Annissa Hoolaghan
WK273034B,Devolved context-sensitive capability,2021-05-20T15:12:51Z,Horatius Cayle
BK812186C,Polarised 4th generation forecast,2021-10-06T16:46:10Z,Janette Kingscote
ZA170993D,Balanced explicit knowledge base,2021-06-02T23:45:25Z,Wes MacMearty
XM574656C,Proactive interactive website,2021-08-18T08:45:51Z,Krisha Augustus
HM762652A,Fully-configurable mission-critical core,2022-02-24T08:44:13Z,Carry Fender
LZ271880D,Synergistic well-modulated project,2021-11-02T04:05:10Z,Gar Gowdy
SR350476C,Horizontal neutral complexity,2022-02-13T12:49:11Z,Had Crooke
HS418904B,Future-proofed impactful Graphic Interface,2022-02-24T23:15:28Z,Angelika Gomm
SK134735B,User-friendly actuating functionalities,2022-02-24T09:45:19Z,Gilles Spuner
BL545422D,Universal clear-thinking application,2021-09-03T03:07:09Z,Daron Loughan
AB686050A,Sharable foreground moderator,2021-10-14T12:29:01Z,Dore Legrice
EY540382C,Re-contextualized foreground concept,2021-08-28T06:57:54Z,Yulma Chuck
WN202064A,User-centric object-oriented website,2022-01-01T09:55:48Z,Eric Lyokhin
WG513843B,Open-architected 3rd generation attitude,2022-03-26T00:01:34Z,Carolyn Coolson
XW276600D,Profound cohesive analyzer,2022-01-08T08:01:37Z,Charmine Menpes
TJ342775A,Distributed coherent intranet,2021-06-12T10:33:21Z,Dugald Dewdney
AM589066C,Enterprise-wide 5th generation access,2021-08-01T04:16:23Z,Jorey Chirm
BZ755387A,Optional fault-tolerant projection,2022-01-05T04:22:36Z,Hadria Pragnall
JK242881C,Persevering methodical architecture,2021-11-28T21:35:44Z,Beatrix MacUchadair
TC115615C,Monitored object-oriented moratorium,2022-04-14T22:20:33Z,Fran Briamo
YB575341A,Enhanced background software,2022-04-04T00:04:09Z,Starlin Fearneley
PH885298C,Cross-platform zero defect adapter,2022-01-15T11:22:17Z,Marrissa Gemmill
ZC521141C,Progressive foreground support,2021-05-15T11:46:51Z,Jordan McAuley
SB856466C,Adaptive regional alliance,2021-08-06T08:45:47Z,Guinevere Elward
PM258820A,Re-contextualized optimizing policy,2021-09-26T10:38:46Z,Agnella Biskupski
PR204057A,Distributed full-range conglomeration,2021-09-02T18:41:40Z,Bertha Scoates
WL588132D,Grass-roots context-sensitive workforce,2021-06-16T04:44:04Z,Cicely Pywell
OH705597C,Extended impactful circuit,2022-01-26T04:41:36Z,Andrej Mityukov
PH189745B,Enhanced high-level policy,2021-07-09T07:37:13Z,Jillie Stilling
LP737094A,Versatile stable forecast,2022-01-12T01:41:22Z,Margaux Steiner
XS915548A,Horizontal next generation leverage,2022-04-01T17:15:25Z,Gino Chattell
AZ382593C,Synchronised maximized infrastructure,2022-04-07T21:55:58Z,Aldwin Chadd
YN935373B,Sharable optimizing project,2021-11-16T03:06:23Z,Malachi MacNeice
BM403115A,Adaptive impactful artificial intelligence,2022-02-15T19:50:35Z,Claribel Banstead
ST497333B,Re-contextualized value-added protocol,2022-03-30T12:00:25Z,Deane Riddett
EW113772A,Front-line scalable function,2021-07-07T09:20:00Z,Say Yakhin
AN814180A,Organized systemic intranet,2022-01-17T12:12:51Z,Yevette Sentinella
RL127902C,Automated impactful software,2021-12-15T00:39:02Z,Deva Hodges
NR412336A,Digitized optimal forecast,2021-12-13T08:37:53Z,Shannon Viel
AP134222B,Decentralized encompassing middleware,2022-01-28T16:23:38Z,Kristina Durkin
GJ608964A,Reduced didactic knowledge user,2022-01-11T20:52:52Z,Durand Woan
MW381229A,Configurable value-added pricing structure,2021-10-24T12:03:50Z,Olenka Scutcheon
AC748451D,Polarised system-worthy interface,2022-01-28T18:47:03Z,Hildegaard Stallon
LJ764822D,Visionary upward-trending interface,2021-06-22T10:28:49Z,Bernardine Strong
YJ105609D,Enterprise-wide 24 hour forecast,2022-01-05T21:01:20Z,Valaria McPeck
PL323186A,Re-contextualized asymmetric hierarchy,2022-03-29T00:55:51Z,Peter Draycott
BY512733B,Public-key 4th generation local area network,2022-03-15T01:13:48Z,Teodor Zellner
CT676354A,Optimized even-keeled solution,2021-06-04T14:50:36Z,Phyllis Skally
AS342012D,Multi-channelled hybrid focus group,2021-11-15T22:06:42Z,Caldwell Hurford
LZ461532D,Public-key static matrices,2021-07-02T06:35:09Z,Tatum Haskur
EH700151D,Fully-configurable holistic orchestration,2021-09-19T06:12:50Z,Laura Kobpal
BY129650C,Organized bottom-line standardization,2021-10-02T13:55:41Z,Kata Umney
NW984675A,Monitored real-time middleware,2022-02-18T09:50:10Z,Jarrid Drydale
YS127631A,Upgradable executive project,2022-01-19T04:54:42Z,Jarrod Mervyn
LH938438D,Realigned web-enabled interface,2022-02-12T06:56:21Z,Kara Janiszewski
EB631236B,Focused context-sensitive open system,2021-08-05T15:07:25Z,Lilllie Ludovico
TG536063C,Operative directional orchestration,2021-10-16T13:39:37Z,Frasier Sheals
HP807531D,Versatile context-sensitive matrices,2021-11-26T17:08:28Z,Lyon Messam
ZE818962B,Fundamental zero administration knowledge base,2021-11-11T00:50:12Z,Mill Burnham
RA161461C,Managed radical matrices,2021-11-22T16:38:46Z,Binny Lingard
LN883701C,Face to face interactive middleware,2021-10-15T02:54:41Z,Winny Goomes
LM605437C,Extended heuristic throughput,2021-07-04T15:19:32Z,Frayda Feye
GT129517D,Balanced explicit leverage,2021-05-14T12:25:41Z,Sybyl Aubri
RJ654280C,Adaptive background matrices,2021-07-30T21:35:26Z,Wallie Deniso
OH475332B,Re-contextualized local protocol,2022-02-15T16:51:20Z,Ransom Vogl
BK700366A,Team-oriented eco-centric protocol,2021-06-09T07:46:53Z,Berkeley O'Reilly
WE956507D,Assimilated zero administration flexibility,2021-11-14T17:12:33Z,Giffy O'Geneay
BE540265A,Versatile encompassing parallelism,2021-11-23T05:02:09Z,Elberta Coyle
ZG523024B,Polarised even-keeled task-force,2022-01-12T18:42:39Z,Anallise Mann
RL932144B,Compatible directional extranet,2022-01-08T09:05:09Z,Miltie Nichols
BZ128926C,Multi-layered optimizing ability,2022-03-18T11:42:11Z,Mickie Ames
HL719376C,Open-architected even-keeled Graphic Interface,2021-06-17T08:03:09Z,Gerry Dutt
EH628036D,Profit-focused methodical customer loyalty,2021-07-14T07:15:43Z,Larry Volkers
HH994672A,Cross-group coherent intranet,2021-06-06T13:54:49Z,Ninette Culligan
SW166439C,Intuitive holistic standardization,2021-06-21T03:58:07Z,Silvan Chidgey
OR412420A,Ergonomic dedicated hardware,2021-06-13T07:49:14Z,Orelia Flay
NL220260D,Upgradable bottom-line hierarchy,2021-05-29T12:27:59Z,L;urette Thurner
OB397889A,Polarised attitude-oriented matrix,2022-01-17T03:04:33Z,Tawsha Conrad
HJ313639C,Persistent grid-enabled portal,2021-06-21T13:57:18Z,Finlay Pyne
YG998340C,Sharable mission-critical alliance,2021-12-03T07:36:59Z,Clementine Cristofolini
BL354057C,Synergistic interactive frame,2021-07-18T23:06:54Z,Jon Grasha
ZJ575015A,Configurable composite local area network,2021-11-10T03:59:33Z,Ceciley Brithman
CX261844C,Front-line zero administration attitude,2022-03-01T10:36:20Z,Alexine Lehr
YX871540B,Switchable real-time open architecture,2021-06-22T01:26:53Z,Doro Roulston
TS176276D,Expanded client-driven success,2021-08-24T00:14:14Z,Molli Brown
GC693705B,Adaptive tertiary conglomeration,2021-12-06T11:17:14Z,Andy Ullett
NS657131B,Diverse even-keeled encryption,2021-09-03T16:39:21Z,Aindrea Rape
AH887362B,Up-sized optimal customer loyalty,2021-05-31T09:34:39Z,Elsbeth Clixby
SB203660D,Mandatory intangible structure,2021-12-11T10:50:57Z,Georas Carver
CT858812B,Innovative hybrid access,2021-06-23T09:44:14Z,Drucie Voysey
ZN833800C,Synergistic well-modulated challenge,2021-05-12T18:13:01Z,Gwynne Brophy
RX408471C,De-engineered next generation local area network,2022-02-19T11:17:49Z,Mariya Parcell
YB356456C,Networked dynamic portal,2022-03-30T20:46:49Z,Sashenka Croneen
LK511250D,Stand-alone leading edge database,2021-09-17T12:53:34Z,Claudian De Giorgis
CH642215D,Organic heuristic extranet,2021-10-23T20:23:26Z,Luce Wilderspoon
OA654656C,Object-based hybrid analyzer,2021-07-30T06:29:35Z,Moyra Babe
BZ309962C,Automated bi-directional product,2021-05-13T14:02:04Z,Pieter Kuhwald
MG266687A,Polarised impactful toolset,2021-05-01T07:53:38Z,Ossie Freckleton
KT692887D,Open-source demand-driven functionalities,2021-05-07T07:14:41Z,Conway Zorzenoni
ZC877657B,Grass-roots full-range structure,2021-07-17T02:16:56Z,Lanny MacKettrick
OA442031B,Synergistic hybrid policy,2022-03-25T09:03:05Z,Ada Pedersen
LT415405D,Open-architected background support,2022-04-15T09:32:45Z,Tull Bentham
YW812622D,Operative upward-trending throughput,2021-07-04T00:20:38Z,Kevina Herche
CR475738D,Fully-configurable optimal initiative,2022-02-01T15:31:15Z,Oran Fyrth
SE224586D,Virtual real-time hardware,2021-11-12T01:09:11Z,Ogden Waud
JX712758C,Profound upward-trending analyzer,2022-01-21T04:12:18Z,Ileana Hellwing
RY252319D,Universal user-facing projection,2021-10-02T09:52:40Z,Reginauld Pycock
CN134997C,Quality-focused bottom-line flexibility,2021-11-03T09:08:04Z,Andie Trye
EL321613D,Programmable fault-tolerant pricing structure,2021-10-15T07:15:21Z,Alexi Arnli
SY226148D,Configurable demand-driven projection,2022-02-13T22:44:51Z,Nadia Todman
GP329952B,Polarised homogeneous parallelism,2022-03-25T04:09:11Z,Dewie Forker
HA912868B,Innovative regional groupware,2021-06-18T20:58:53Z,Clint Wiersma
GE496795C,Compatible hybrid application,2022-02-05T23:23:00Z,Earlie Titchmarsh
ZY760560B,Ergonomic local leverage,2022-02-21T12:06:02Z,Darsie Nutt
MC720847B,De-engineered leading edge circuit,2022-01-03T11:05:05Z,Aryn Cundy
SG209305A,Cross-group full-range contingency,2022-02-19T14:46:59Z,Graehme Routh
ZM158645A,Up-sized needs-based installation,2021-05-21T18:52:34Z,Kiah Currey
RN212968B,Cross-platform solution-oriented portal,2021-08-29T03:50:22Z,Curcio Beaze
HB849278C,Enterprise-wide clear-thinking analyzer,2021-12-04T04:08:41Z,Kaylee Cathie
NJ200238A,Stand-alone non-volatile Graphical User Interface,2022-01-15T06:17:34Z,Allin Majury
RT205014C,Total asymmetric implementation,2022-01-10T10:53:34Z,Audrey Shepeard
GN976607A,Multi-tiered background structure,2021-05-26T09:34:21Z,Starlene Wherton
CK522312B,Multi-tiered systematic internet solution,2021-07-05T10:12:05Z,Lonni Whitehouse
RT130989B,Innovative zero defect capability,2021-10-10T07:17:09Z,Sayre Chidler
EB701645D,Grass-roots eco-centric groupware,2021-11-02T01:05:58Z,Wilona Dack
HZ149330D,Customer-focused motivating implementation,2021-06-02T08:55:19Z,Ranice Doxey
NM712035C,Reduced systemic array,2021-08-05T13:10:31Z,Anitra Shrive
TA685085D,Streamlined tangible firmware,2022-01-13T23:30:07Z,Llewellyn Secret
PM650198B,Implemented full-range encryption,2021-10-30T16:58:11Z,Care Dyott
NY893785B,Centralized multi-tasking website,2022-01-04T20:45:09Z,Joanne Krale
JT646668A,Grass-roots bifurcated approach,2021-11-13T11:43:39Z,Ellette Pursey
LH220513B,Switchable human-resource website,2021-06-24T09:36:32Z,Eddie Francesch
MT528224C,Adaptive scalable instruction set,2021-11-19T07:55:39Z,Anderea Ferreira
PW794984D,Synergized fresh-thinking methodology,2022-03-01T23:10:57Z,Hammad Bosden
OH221639D,Polarised systematic focus group,2022-04-04T17:10:50Z,Charles Palmar
TA551916B,Monitored contextually-based synergy,2021-11-25T22:46:52Z,Gherardo Bishop
BC101325B,Object-based systemic focus group,2022-03-10T10:04:39Z,Talbert Mynett
KC336612D,Organic web-enabled implementation,2021-07-24T09:05:30Z,Sande Sands
WW939244C,Synergized heuristic workforce,2021-07-31T22:42:05Z,Car Sans
XH404784A,Extended demand-driven Graphic Interface,2022-01-04T22:37:58Z,Libbey Loalday
CJ765806B,Phased demand-driven flexibility,2022-03-21T01:03:40Z,Kellen Qusklay
BX596803A,De-engineered hybrid local area network,2022-02-16T05:02:48Z,Halette Corbyn
TM860656C,De-engineered 4th generation application,2022-03-08T22:08:17Z,Elmer Andriveau
MS313501C,Sharable discrete success,2021-05-17T00:28:05Z,Angie Scutt
GK269013D,Horizontal even-keeled attitude,2021-05-27T07:10:46Z,Helenka Manby
BY152422A,Multi-lateral secondary analyzer,2021-08-29T00:05:22Z,Orel Warboys
RG273895C,Self-enabling foreground architecture,2022-02-07T14:44:37Z,Winifield Keuntje
PB157999B,Synergistic multi-state architecture,2021-05-09T19:57:26Z,Arley Gateland
NS914953B,Function-based even-keeled protocol,2021-11-30T15:32:13Z,Stafani Cristou
KZ387011D,Universal web-enabled orchestration,2022-01-25T09:02:21Z,Dionysus Hinkes
KY384520A,Diverse holistic application,2022-02-06T16:59:41Z,Jackie Symcoxe
JC929014D,Stand-alone modular orchestration,2022-03-19T20:24:27Z,Tarrance Cudbertson
AY342252A,Upgradable disintermediate database,2021-12-29T12:37:01Z,Trudy Trowsdall
AC405723D,Digitized modular application,2021-11-13T18:54:05Z,Shelba Santer
YH429628B,Reverse-engineered demand-driven function,2021-05-06T21:20:51Z,Tobey Greeson
RP851238B,Virtual systemic throughput,2021-05-31T14:12:05Z,Ivan Skeermer
JW946522D,Realigned content-based array,2022-01-07T18:40:51Z,Liuka Rijkeseis
CK904527B,Vision-oriented bandwidth-monitored strategy,2021-07-29T21:49:42Z,Bat Surgeoner
XK301496D,User-friendly multi-state productivity,2021-09-09T02:25:18Z,Egor Askham
GJ254004B,Mandatory 3rd generation instruction set,2021-10-15T15:15:58Z,Bradford Ibbitt
RR261062A,Expanded systemic encoding,2021-12-05T04:02:47Z,Madelon Portchmouth
LA538094B,Robust directional process improvement,2022-02-05T07:09:42Z,Frederic Whitlam
CZ166175D,Diverse cohesive portal,2021-11-25T13:57:52Z,Jerad Mynett
SL894560A,Adaptive demand-driven array,2021-08-20T10:33:15Z,Yankee Alberti
JW586776B,Switchable national moderator,2021-11-13T17:11:19Z,Kissie Destouche
EE595750D,Compatible zero defect ability,2021-10-04T01:57:58Z,Mychal Broady
ZG103543A,Diverse regional conglomeration,2021-12-08T07:48:54Z,Fawne Prettyjohn
RM987137A,Advanced 5th generation solution,2021-12-03T22:38:33Z,Nikos Kerswill
AE663621B,Triple-buffered homogeneous product,2022-01-07T10:37:41Z,Colver Challinor
BL918745A,Configurable disintermediate success,2022-03-10T14:34:35Z,Kennith McCadden
LA906381B,Front-line web-enabled utilisation,2021-11-18T23:25:33Z,Sharai Cheasman
CK829608D,Visionary 24 hour customer loyalty,2021-07-06T05:30:39Z,Al Burr
XS136094C,Total cohesive time-frame,2021-06-20T05:49:05Z,Charissa Watchorn
XA304417B,Ameliorated zero administration process improvement,2021-10-29T18:19:44Z,Eimile Carlson
BY273152C,Balanced real-time moderator,2022-02-03T10:06:53Z,Brendis Viant
XZ559370A,Compatible dedicated data-warehouse,2022-03-18T09:59:16Z,Anthiathia Mallalieu
BS843173D,Devolved multimedia migration,2021-09-15T15:25:14Z,Phil Gunney
WL390982C,Configurable regional complexity,2021-09-26T15:30:21Z,Tara Handrik
GH173104D,Programmable local capacity,2021-12-03T03:25:48Z,Quent Swash
HJ255632A,Multi-lateral web-enabled paradigm,2021-07-14T15:12:50Z,Orbadiah Gristhwaite
ZA485496A,Inverse demand-driven budgetary management,2021-09-15T02:26:15Z,Nappie Salmoni
PZ700628C,De-engineered grid-enabled middleware,2021-06-03T03:06:11Z,Deck Gwatkin
SY849244D,Diverse methodical migration,2021-09-02T23:11:40Z,Klaus Licciardi
SZ146677B,Innovative cohesive attitude,2022-02-08T17:17:01Z,Tersina Isakson
LH693696D,Organized multi-state concept,2021-09-17T19:46:09Z,Kaela Cumberland
MK239032A,Multi-tiered fresh-thinking intranet,2021-05-16T04:14:56Z,Samantha Allcorn
GG242065A,Optimized encompassing data-warehouse,2021-05-15T02:18:17Z,Patrizia Hadland
EN501318B,Multi-channelled tangible workforce,2022-03-11T17:42:38Z,Rosalinda Lebang
TP441494D,Switchable global website,2021-12-15T00:28:35Z,Hyacinthe Catlette
AL682350D,Customizable coherent core,2021-06-30T19:12:49Z,Charlot Bartels
ZE378541D,Re-contextualized multi-state core,2021-12-13T21:09:55Z,Rhea Fayter
JZ225923B,Extended uniform emulation,2022-01-02T04:09:10Z,Cristy Birkwood
XY640900A,Cloned next generation extranet,2021-10-20T02:08:47Z,Anthe Harman
SS275105A,Grass-roots maximized contingency,2021-11-02T10:12:18Z,Marcus Bottell
HS891680D,Customizable secondary hub,2022-04-07T23:41:27Z,Cristobal Standell
OG587056B,Exclusive composite Graphical User Interface,2021-08-11T03:37:53Z,Alyss Raynes
GK279528A,Digitized disintermediate instruction set,2021-12-01T11:41:54Z,Isabella Drust
BH934219C,Versatile needs-based artificial intelligence,2021-11-18T12:49:51Z,Roze Pacheco
LZ706020D,Multi-channelled logistical encoding,2022-03-24T16:27:09Z,Anni Ibbetson
AW220280C,Front-line asymmetric productivity,2021-08-27T08:04:53Z,Rorke Erett
BN169305C,Object-based interactive secured line,2021-09-21T13:50:34Z,Merl Sudddard
OX833666B,Expanded global function,2021-07-28T09:11:24Z,Joanne Pohlak
MA310717C,Versatile impactful projection,2021-10-11T09:54:19Z,Grazia Carvilla
GM170437B,Profound multimedia function,2022-04-13T08:54:57Z,Marlo Ertelt
EN126430D,Cross-group optimizing solution,2021-06-07T15:35:42Z,Paquito Extil
BE342656C,Ergonomic didactic process improvement,2022-01-25T15:44:06Z,Ashlan Stuckow
WY992617D,Managed maximized alliance,2021-10-13T04:25:59Z,Lottie Beaument
OX591686B,Right-sized zero defect toolset,2021-06-27T00:50:59Z,Korella Gonneau
NH953440A,Organized high-level customer loyalty,2021-05-18T18:19:30Z,Errol Aicheson
NC557399D,Synchronised mobile paradigm,2021-08-12T00:53:09Z,Tamas McMorran
YS664468C,Down-sized stable time-frame,2022-03-03T07:14:46Z,Eolande Skatcher
ZL167442B,Programmable dedicated contingency,2021-11-05T20:04:59Z,Rhonda Bartleet
OL620359A,Future-proofed analyzing website,2022-03-19T17:21:03Z,Jacqui Zelake
SY294508D,Progressive demand-driven interface,2021-08-21T21:32:43Z,Ambrose Peaurt
BX369335B,Reverse-engineered next generation encoding,2021-12-02T05:17:55Z,Celestyn Wallen
YM997934D,Object-based maximized open architecture,2021-11-28T10:27:40Z,Belicia Denison
WT762247D,Re-contextualized upward-trending analyzer,2021-10-22T04:36:47Z,Orsa Folan
ZA261024B,Multi-lateral motivating strategy,2022-02-06T05:25:11Z,Noelani De L'Isle
CM476567C,Optional cohesive forecast,2022-02-10T00:30:40Z,Lea Chesson
KL866033C,Business-focused methodical software,2021-07-23T14:41:44Z,Enrichetta Fuggle
PH844732D,Assimilated actuating artificial intelligence,2021-08-22T04:40:12Z,Teriann Rolling
JS344726A,Multi-channelled coherent standardization,2021-09-10T13:00:01Z,Yanaton Tschierasche
CP619846D,Grass-roots holistic orchestration,2022-02-18T15:15:15Z,Marlo Seamans
MH255810C,Profound clear-thinking initiative,2021-12-18T03:19:33Z,Annadiane Rendell
KG551197A,Team-oriented asymmetric info-mediaries,2022-03-12T22:59:17Z,Pedro Gianettini
MZ359577B,Grass-roots web-enabled protocol,2021-12-14T02:35:06Z,Bartlet Breukelman
OL318641C,Public-key bifurcated customer loyalty,2021-11-10T09:35:49Z,Lenard Boick
PL540224B,Self-enabling uniform flexibility,2021-06-22T02:44:37Z,Artie La Rosa
WR418164B,Organized dynamic product,2021-06-11T18:04:01Z,Dun Nobles
WC989710C,Business-focused clear-thinking throughput,2021-12-20T11:03:24Z,Elvis Rattray
XK567855D,Reactive directional forecast,2021-10-12T01:23:35Z,Benoit Disdel
GY590203A,Upgradable discrete knowledge user,2021-12-31T09:08:49Z,Dwayne Suddards
RP597920A,Focused user-facing model,2022-01-22T01:59:19Z,Carmencita De Gouy
EW211877C,Cross-group radical website,2021-11-22T14:39:40Z,Jamie Oattes
JP486689B,Quality-focused attitude-oriented Graphic Interface,2022-01-13T12:04:58Z,Wendye Salzburger
OZ327215D,Monitored mobile capability,2021-12-23T20:50:49Z,Ruby Sketch
PY743680B,Multi-channelled 4th generation concept,2021-12-29T19:25:59Z,Hermione Wloch
OG156548D,Streamlined systematic system engine,2021-06-13T03:50:04Z,Ruthie Saundercock
BW527557D,Profit-focused system-worthy database,2021-05-16T02:29:33Z,Beverly Hullah
EG615969B,Fundamental 5th generation strategy,2022-01-13T16:34:44Z,Denys Sibly
PB917244B,Front-line asynchronous synergy,2022-01-14T17:48:21Z,Lauritz Week
AC558429A,Innovative explicit open system,2021-10-11T02:34:15Z,Hilario Czaja
XL943892C,Reactive holistic challenge,2022-02-27T08:54:25Z,Fidelia Loughlan
NX400448B,Triple-buffered upward-trending application,2021-12-22T04:15:37Z,Mathe Ellwood
BM567072A,Business-focused impactful benchmark,2021-08-16T17:09:18Z,Consuela Hughlin
BE878228C,Total mobile support,2022-04-07T19:43:31Z,Maurits Aiston
TR544560A,Streamlined contextually-based implementation,2021-10-21T09:32:28Z,Filberte Matlock
CE684661C,Function-based multi-tasking migration,2022-03-27T19:26:53Z,Carmencita Hebbes
TT410925C,Multi-lateral asymmetric extranet,2021-07-16T08:35:58Z,Taddeusz Polendine
EK446671B,Innovative regional Graphic Interface,2022-03-01T17:34:51Z,Jyoti Edwin
OG174678B,Focused secondary solution,2021-06-14T22:03:55Z,Bobbye Decourt
CK815050B,Programmable mission-critical capability,2022-01-28T03:41:53Z,Garrek Itzkovitch
KW111787C,Profound high-level analyzer,2022-01-26T17:24:04Z,Daren Sivyer
CY721047C,Polarised hybrid budgetary management,2022-01-13T09:28:17Z,Rois Caldeyroux
JC355203D,Profit-focused system-worthy hardware,2021-07-07T01:36:21Z,Obadias Starbeck
JE931595D,Polarised local open architecture,2022-03-17T07:51:10Z,Babb Sharma
OM770292C,Realigned zero defect frame,2021-07-01T21:05:29Z,Marnie Fausset
MW459991C,Adaptive 24/7 orchestration,2021-08-31T10:24:12Z,Mattie Edlyne
NB131175C,Down-sized zero tolerance monitoring,2022-02-17T02:48:45Z,Norry Gamlen
OG414926D,Down-sized exuding strategy,2022-02-11T17:17:28Z,Fred Simonelli
RZ663217D,Universal background help-desk,2022-02-24T05:33:09Z,Giles Landsman
TJ879092C,Distributed foreground throughput,2022-03-01T11:29:15Z,Fonz Ionnisian
BH979518B,Total homogeneous analyzer,2021-07-31T21:26:13Z,El Bilbee
HE122015A,Vision-oriented mission-critical implementation,2021-05-04T12:32:58Z,Kaitlin Taylo
SW102133C,Innovative background flexibility,2021-09-04T00:09:09Z,Skip Mercey
MR910222A,Synchronised 3rd generation emulation,2021-12-27T07:52:57Z,Nataline Aleswell
YL456035B,Multi-channelled fault-tolerant data-warehouse,2022-02-26T13:53:15Z,Cassaundra MacGillacolm
GN417272D,Managed static workforce,2022-03-04T23:36:30Z,Allina Keyzor
EG649582C,Quality-focused solution-oriented encoding,2022-01-03T01:20:09Z,Charmine Grog
TT793649B,Reactive user-facing forecast,2021-11-14T03:23:17Z,Dyane Hevey
NB887490D,Programmable analyzing installation,2021-06-01T22:49:56Z,Irita Moquin
ZG829322D,User-friendly reciprocal extranet,2022-02-02T23:36:38Z,Ailee Polglase
WC191392A,Enterprise-wide intangible hardware,2021-10-11T05:25:50Z,Leonhard Hendren
XM846774A,Optimized client-server Graphical User Interface,2022-01-08T22:20:21Z,Rosabelle Doole
RL294169B,Team-oriented multi-tasking ability,2021-05-21T06:32:15Z,Nevil Dressel
ET366181D,Integrated mobile concept,2021-05-18T23:45:18Z,Matilde Kryska
AB695752D,Synergistic homogeneous database,2021-05-06T23:21:48Z,Yolane Whyberd
RL820507A,Virtual bandwidth-monitored portal,2021-12-06T23:11:52Z,Abrahan Hotson
YX544839A,Sharable optimal process improvement,2022-01-15T13:43:07Z,Aridatha Sidon
GX322984D,User-centric empowering Graphic Interface,2021-12-08T17:23:51Z,Bernelle Skamell
MM382271C,Self-enabling 6th generation Graphic Interface,2022-03-07T18:53:58Z,Billy Claus
PK998097C,Open-architected upward-trending implementation,2021-10-03T23:28:18Z,Aretha Stocking
PH160135D,Enhanced discrete firmware,2021-07-23T12:13:36Z,Smith Irnys
XR458311D,Operative encompassing conglomeration,2021-07-13T17:10:46Z,Lezlie Darter
ZH753558C,Open-source intermediate budgetary management,2021-08-30T00:59:02Z,Farly Riding
KJ367139B,Open-source neutral policy,2021-07-28T08:27:42Z,Hewie Gowrie
AJ431510A,Synergistic eco-centric knowledge user,2022-04-11T07:01:08Z,Pate Gladdin
MB134116C,Business-focused fresh-thinking product,2021-05-25T05:23:38Z,Emily Mewe
LL220333C,Synchronised 24 hour time-frame,2021-05-10T19:17:41Z,Frasquito Clemot
GH520535D,Configurable methodical definition,2021-06-28T05:33:16Z,Nedda O'Heyne
LJ428303D,Innovative bandwidth-monitored matrix,2022-04-11T00:54:47Z,Nicol Mariner
TZ548232D,Synergized value-added website,2021-06-29T00:46:33Z,Lindi Parnby
KB106189C,Universal dynamic knowledge user,2022-02-27T19:42:06Z,Cord Hars
EK596491D,Cross-platform holistic middleware,2021-05-15T14:51:25Z,Carlina Ridgedell
RR157987D,Centralized impactful hierarchy,2021-06-04T00:37:16Z,Jozef Jonin
MY340147A,De-engineered coherent infrastructure,2022-04-07T00:36:44Z,Ashla McOrkill
ZH747984B,Virtual static workforce,2021-09-01T20:45:36Z,Hyacinthe Moulster
AW669158A,Exclusive bifurcated task-force,2021-12-21T02:59:01Z,Aldrich Bambery
AW108464A,Reduced multi-tasking monitoring,2021-07-10T21:13:08Z,Arda Sudworth
RH665254A,Public-key multimedia forecast,2021-11-27T08:44:46Z,Kirstin Berridge
WR959042D,Sharable clear-thinking implementation,2021-08-24T14:48:24Z,Stern Timmons
OR536870D,Profound zero tolerance array,2022-02-08T09:38:45Z,Elyse Foottit
OJ189126C,Configurable radical circuit,2021-05-19T15:12:41Z,Bil Spini
LX203867D,Horizontal fresh-thinking ability,2021-06-21T14:08:31Z,Cherrita Townson
AA796477A,Reactive cohesive flexibility,2021-09-18T23:09:06Z,Milena Porson
RY676636D,Mandatory homogeneous hardware,2021-07-09T18:30:03Z,Franzen Segar
XJ228133D,Automated maximized support,2021-08-07T23:11:24Z,Ilse MacEveley
EB622101D,Switchable composite portal,2022-01-30T13:19:46Z,Duke Venus
YX980742B,Advanced hybrid toolset,2021-07-12T21:52:54Z,Suzanna Espinal
SX258250A,Innovative contextually-based solution,2021-05-13T18:22:33Z,Marne Longridge
OL951056B,Progressive system-worthy firmware,2022-01-14T14:27:46Z,Kirby Callaby
PG707520A,Re-engineered background definition,2022-01-11T22:28:41Z,Gussi Lezemore
GE464006D,Automated intangible toolset,2021-05-06T22:27:50Z,Sile Figgures
ES744441C,Proactive discrete open system,2022-04-05T23:25:14Z,Lissy Mingasson
RP703458D,Implemented multi-tasking installation,2022-03-25T08:19:54Z,Melloney Bush
HK721530A,Quality-focused fresh-thinking emulation,2022-04-02T02:51:05Z,Gabbi Balmann
JT137466C,Persevering encompassing initiative,2022-02-17T13:07:47Z,Rollo Nockolds
ST308971A,Sharable leading edge info-mediaries,2021-12-27T19:23:10Z,Jillana Adamoli
ZY370619A,Centralized leading edge structure,2021-08-09T14:13:43Z,Meggie Kurth
RE986421C,Assimilated systemic solution,2021-12-24T04:01:36Z,Joellyn Gumme
AG801503B,Adaptive system-worthy interface,2022-01-30T05:03:16Z,Cari Scrase
KH911805B,User-friendly interactive alliance,2021-11-14T05:38:14Z,Lira Cale
EM667983C,Assimilated full-range paradigm,2021-05-03T11:07:04Z,Cissy Brevetor
CM339833B,Monitored real-time encoding,2022-01-02T21:34:33Z,Hirsch Tomaszkiewicz
KJ816676B,Customizable value-added budgetary management,2021-10-09T02:14:46Z,Jane Wyley
ZA978206B,Persevering object-oriented help-desk,2022-01-17T21:36:03Z,Zach Rosita
GK521590B,Upgradable scalable monitoring,2021-10-19T10:21:49Z,Rosanne Fayerbrother
NW488136A,Fundamental asynchronous secured line,2021-12-13T20:05:13Z,Jacquie Bram
BM969555D,Self-enabling mobile budgetary management,2022-01-21T16:17:08Z,Felice Pirozzi
WZ744281B,Realigned eco-centric policy,2021-12-04T13:11:36Z,Celeste Tuftin
WM218023B,Universal homogeneous orchestration,2022-02-04T14:36:48Z,Isador Clayton
TX835199B,Triple-buffered actuating analyzer,2021-10-29T10:26:52Z,Erna Farreil
YG908538B,Enhanced clear-thinking methodology,2021-06-21T02:47:58Z,Palmer Roan
BB840145C,Phased system-worthy collaboration,2021-06-07T21:43:30Z,Valdemar Bromwich
CM391840C,Inverse zero defect flexibility,2021-05-25T08:03:30Z,Fayina Reveland
XY271723D,Customer-focused client-server core,2021-05-23T14:34:13Z,Jedd Hebbs
GK893773A,Ameliorated next generation installation,2022-02-22T16:05:53Z,Jemimah Beagley
KA386139A,Grass-roots non-volatile framework,2021-11-29T14:06:03Z,Sigmund Blindermann
SW897703D,Managed asynchronous algorithm,2022-02-18T01:33:17Z,Ekaterina Roff
SW677249B,Organized upward-trending Graphic Interface,2021-10-13T19:47:28Z,Briano Murdoch
TA894325A,Distributed zero tolerance secured line,2021-06-08T04:35:41Z,Nessa Jantot
WT467769C,Proactive multi-state standardization,2021-10-09T00:26:01Z,Alene Fearnill
MB704345B,Pre-emptive real-time toolset,2022-04-02T21:28:31Z,Nikolai Stanion
AJ567982A,User-friendly static capacity,2021-08-09T22:14:21Z,Genia Weinmann
GC105332C,Face to face tertiary access,2021-11-05T09:19:15Z,Christi Newall
BA502749D,Fundamental content-based data-warehouse,2021-05-25T20:10:49Z,Camella Manueli
RG285695C,Synergized 3rd generation support,2022-01-17T09:49:56Z,Chantalle Carwithen
AW505014B,Profound eco-centric website,2022-01-23T21:00:27Z,Mickie Rikel
JS599025B,Upgradable multi-state projection,2021-07-26T11:11:15Z,Aubrey Heisman
OC811662D,Stand-alone stable conglomeration,2021-12-07T07:42:03Z,Thacher Gaukroger
XA798514B,Reverse-engineered fault-tolerant archive,2021-05-03T10:43:18Z,Katharyn Clausner
XT394627B,Digitized holistic emulation,2021-11-17T01:52:27Z,Melodie Liddon
MH711968D,Business-focused reciprocal framework,2021-05-08T05:24:42Z,Jason Bass
PB369598C,Operative context-sensitive firmware,2021-07-07T02:38:04Z,Eveleen Jaszczak
OT699028D,Self-enabling attitude-oriented projection,2022-02-22T00:58:28Z,Sayre Dring
MJ126461D,Digitized national system engine,2021-09-09T13:47:18Z,Rosette Kenington
MY722797B,Customer-focused 5th generation strategy,2021-06-14T13:12:07Z,Audi Hek
AS351966A,Streamlined 5th generation utilisation,2021-06-18T18:03:00Z,Jacquelynn Vreede
SN827680A,Organized systemic monitoring,2021-08-06T11:37:53Z,Amberly Fryers
TX943052C,Object-based holistic projection,2021-09-10T19:50:30Z,Marchelle Marrington
WG191577D,Function-based web-enabled artificial intelligence,2021-09-20T18:26:50Z,Terrell Binney
OA994480A,Enterprise-wide user-facing data-warehouse,2022-03-13T02:45:24Z,Siobhan Fyrth
OY179204B,Down-sized analyzing capacity,2021-10-01T22:22:03Z,Grata Benbrick
EZ708925B,Persistent dedicated algorithm,2021-12-30T17:53:32Z,Valaria Johnys
HN900001A,Streamlined incremental analyzer,2021-05-08T04:34:40Z,Golda Goldis
LY779718B,Progressive eco-centric collaboration,2021-09-25T04:41:14Z,Early Blowing
AL978111A,Organic multi-state complexity,2021-05-07T20:06:40Z,Ulrika Choppin
ES245144A,Fully-configurable zero defect model,2022-03-10T11:52:22Z,Jonie Court
KX675681B,Synergistic mobile initiative,2021-09-20T10:09:09Z,Frankie Fulks
ZS627128D,Enhanced tangible moratorium,2021-05-06T17:17:06Z,Drusi Beddows
KZ728075C,User-centric solution-oriented matrix,2022-03-12T17:28:56Z,Matty Maplethorp
CL356979C,Down-sized content-based benchmark,2021-09-01T13:18:15Z,Des Ickovici
WP413740A,Expanded zero tolerance attitude,2021-10-21T19:49:12Z,Elvyn Hurrion
HT755956B,Cloned zero defect encoding,2021-08-12T04:16:12Z,Willow Wedmore.
NG315117B,Centralized transitional utilisation,2021-12-01T14:59:29Z,Maryellen Quickfall
JT290706D,Up-sized 3rd generation groupware,2022-02-24T15:56:50Z,Lilllie Roggerone
GW593526D,Function-based system-worthy emulation,2021-06-22T22:21:29Z,Vladamir Davidek
CK254323D,Reverse-engineered holistic framework,2021-10-25T11:16:30Z,Briana Scown
AP738408B,Synergistic empowering parallelism,2021-09-27T02:16:12Z,Danica Woakes
ER739697C,Self-enabling mobile groupware,2021-07-05T12:22:34Z,Bendite Deal
JX616329B,Polarised incremental parallelism,2021-07-05T20:04:50Z,Rosanne Spolton
CM429405D,Ameliorated 6th generation artificial intelligence,2021-11-16T00:27:59Z,Shina Clough
WG213766C,Total demand-driven migration,2021-08-23T20:30:20Z,Rickie Rudyard
ZG801981D,Monitored tertiary open system,2021-08-31T11:47:30Z,Sandy Gorwood
HG454187B,Sharable hybrid model,2022-03-03T21:26:07Z,Des Tolomelli
BT571137B,Switchable systemic throughput,2021-08-12T00:56:18Z,Trudy Schutze
CC753541C,Streamlined maximized data-warehouse,2021-08-01T09:54:38Z,Jania Kellaway
RS965990D,Up-sized needs-based pricing structure,2021-12-31T11:07:00Z,Devonna Abernethy
XJ683366D,Digitized homogeneous time-frame,2021-11-12T18:27:27Z,Harley Smogur
GL836283A,Quality-focused real-time architecture,2021-12-17T10:31:01Z,Korella Shimmin
YM716212A,Phased dynamic contingency,2021-07-04T15:18:17Z,Rickey Frudd
GX273175A,Mandatory user-facing knowledge user,2022-01-18T02:38:03Z,Harland Tampling
RS849473B,Programmable real-time conglomeration,2021-05-10T00:42:36Z,Gavin Abramowitz
RH357364B,Seamless full-range functionalities,2021-09-17T08:06:29Z,Avrit Ballin
JP483465D,Devolved directional hierarchy,2022-01-23T15:34:04Z,Anette Meininger
YY273215D,Decentralized encompassing capability,2022-03-17T14:43:34Z,Jeanna Youll
BM263848C,Virtual next generation synergy,2021-06-23T16:42:39Z,Teodoor Draisey
NR570866C,Synergized fresh-thinking emulation,2021-10-14T21:00:37Z,Aurea Orteau
RL134051C,Diverse encompassing help-desk,2021-12-31T10:09:38Z,Theodora De Francesco
GE180401D,Profit-focused 6th generation contingency,2021-07-28T15:24:36Z,Lisbeth Rabbage
OZ590559D,Virtual zero administration synergy,2022-04-10T15:25:18Z,Leonie Edds
LY206557D,Face to face incremental project,2022-01-30T00:01:05Z,Morena Caroll
OG801747C,Balanced actuating ability,2022-03-30T06:22:46Z,Jameson Grishenkov
JP511135A,Reduced hybrid extranet,2022-03-17T05:45:36Z,Kassia Robbe
ZT518040B,Cloned heuristic array,2022-02-09T15:26:12Z,Lurleen Crust
NM994258D,Down-sized reciprocal help-desk,2022-03-09T23:06:15Z,Lainey Craggs
MC428201D,Total value-added model,2022-03-27T11:35:01Z,Olvan Billany
HW228953C,Multi-lateral needs-based support,2021-10-09T20:12:54Z,Sula Fenkel
TT413535B,Open-architected 24/7 database,2022-04-16T22:10:20Z,Winonah Seller
WZ215858B,Visionary regional throughput,2021-06-08T11:43:50Z,Bogart Rodliff
RM111181C,Advanced object-oriented infrastructure,2022-01-31T15:49:39Z,Abbie Tumpane
WG906391B,Phased neutral encryption,2021-09-08T02:28:09Z,Hewitt Mayoh
MR397721C,Organic object-oriented application,2021-08-03T15:49:03Z,Dallon Skyme
LM999346A,Secured actuating system engine,2022-01-16T05:18:08Z,Kamillah Clews
ZH599152A,Optional bottom-line local area network,2021-08-09T19:26:36Z,Pieter Goodger
KY413555B,Stand-alone value-added productivity,2022-02-04T13:30:42Z,Ev Brandassi
KJ688297D,Diverse content-based application,2021-12-15T13:06:59Z,Carroll Wemes
RJ889259D,Innovative system-worthy forecast,2021-07-29T22:04:20Z,Judd Keers
YZ544310A,Networked exuding neural-net,2022-02-12T16:59:16Z,Abelard Jordan
PR922973D,Vision-oriented grid-enabled extranet,2021-11-21T15:41:32Z,Wes Whitnall
YR905620B,Re-contextualized bi-directional benchmark,2022-03-25T06:02:14Z,Gates Albin
SZ361982D,Horizontal object-oriented website,2021-11-09T22:35:41Z,Sharline Wingfield
WB835080B,Grass-roots tangible standardization,2021-10-15T03:32:44Z,Abby Fielden
GS522328A,Self-enabling fault-tolerant software,2021-10-19T15:11:42Z,Lyndsay Speak
MR199857D,Multi-tiered 6th generation model,2021-11-11T05:46:35Z,Errol Assandri
LS192968D,Team-oriented mission-critical open system,2022-03-15T08:30:28Z,Burt Brigden
SY439149B,Implemented interactive info-mediaries,2021-09-08T07:09:05Z,Clayton Bartolomucci
BY472218B,Face to face regional matrix,2022-02-17T08:59:23Z,Jennine Withrington
OX744987B,User-friendly stable open architecture,2022-03-27T03:07:44Z,Ira McCarry
AN430067A,Sharable 3rd generation website,2021-08-17T21:39:57Z,Kakalina Polon
WG728201B,Monitored grid-enabled knowledge base,2021-10-26T04:41:04Z,Noemi Scorrer
LR312877A,Reverse-engineered 24/7 concept,2021-09-12T00:25:23Z,Magdalene Novacek
ME767128D,Multi-lateral zero defect forecast,2021-08-30T14:53:45Z,Vikki Haslam
XZ573599B,Synchronised logistical Graphic Interface,2021-05-02T02:20:32Z,Dexter Jollands
RE165627D,Digitized attitude-oriented ability,2022-02-20T05:34:10Z,Geordie Renak
AW928937B,Persistent 24/7 matrices,2021-11-01T19:19:10Z,Devin Allchin
BZ247292A,Customer-focused 24/7 data-warehouse,2021-07-10T06:20:25Z,Paquito Fortesquieu
OL551930C,Re-contextualized intangible flexibility,2021-10-23T02:57:14Z,Ivie Chessil
NC762904B,Total directional moderator,2021-07-11T22:05:33Z,Bria Nelane
ZP269795D,Devolved asymmetric attitude,2021-10-17T03:03:47Z,Scotti Ilyuchyov
WN432518A,Profound impactful functionalities,2021-09-07T19:35:22Z,Natalie Eleshenar
BK444961D,Up-sized asymmetric definition,2021-10-01T19:03:13Z,Yovonnda Charlton
TK435997D,Self-enabling zero defect framework,2021-07-24T20:51:19Z,Cathee MacIlhargy
SE390585C,Extended non-volatile access,2021-09-02T12:55:51Z,Sal Ameer-Beg
WY682525D,Cross-group client-driven extranet,2022-04-14T18:39:31Z,Harley Chesley
CX656580C,Digitized fresh-thinking implementation,2021-06-14T19:26:18Z,Andreas Peotz
WW832307A,Assimilated impactful architecture,2021-07-26T21:50:43Z,Milty Stonehewer
HG464941D,Switchable system-worthy capacity,2021-06-06T10:53:00Z,Sibilla Gallandre
MX594210A,Switchable bifurcated time-frame,2022-01-30T01:45:33Z,Park Cleeve
JX999126D,Team-oriented motivating migration,2022-02-27T17:10:20Z,Kasper O'Mannion
CA951127D,Self-enabling asymmetric framework,2022-03-08T14:58:37Z,Ealasaid Yukhov
YG960915D,Streamlined asynchronous toolset,2022-03-02T12:30:36Z,Joete Lancetter
RR226750A,Switchable zero defect Graphic Interface,2022-04-01T06:53:17Z,Sabrina Chess
XB752884B,Re-engineered national access,2021-12-21T23:25:04Z,Valery Haxbie
YB202500C,Front-line contextually-based hierarchy,2021-09-26T08:34:26Z,Carey Diggles
HP644518B,Right-sized mobile implementation,2021-05-02T03:21:37Z,Erena Tesauro
TG882150D,Team-oriented zero defect moderator,2021-09-20T22:00:52Z,Andy Freckleton
AP353445A,Multi-tiered eco-centric circuit,2021-11-23T02:36:09Z,Iain St. Clair
CY931567C,Persistent impactful product,2021-05-22T08:52:23Z,Nonah Boulder
GX522508C,Digitized hybrid definition,2021-05-08T05:55:38Z,Forster Guterson
JJ392096C,Networked 3rd generation orchestration,2021-09-17T16:50:00Z,Jenny Swindall
PN975771C,Balanced zero tolerance moderator,2021-06-03T07:00:59Z,Clyve Melan
CC728929A,Diverse next generation hierarchy,2021-05-23T11:33:06Z,Jaynell Tome
MY363081C,Integrated client-server hardware,2021-08-03T14:37:43Z,Hetti Morsom
OL165583D,Persevering heuristic model,2021-05-21T04:07:09Z,Tiphani O'Sherin
RW617883B,Fully-configurable upward-trending moderator,2022-02-27T03:47:07Z,Ivy Simmance
PN300866C,Vision-oriented bandwidth-monitored Graphic Interface,2021-07-05T20:13:42Z,Cati Mc Caughen
WM288083C,Ergonomic 4th generation frame,2021-07-19T13:02:25Z,Ernest Skurray
LX360457C,Monitored multimedia standardization,2021-06-08T12:01:33Z,Pam Hatchette
HX640368B,Customer-focused national budgetary management,2021-09-25T21:54:21Z,Stephie Lovstrom
ZT348499D,Upgradable systemic process improvement,2022-03-18T05:48:23Z,Gabbie Filyashin
BY863268A,Networked real-time hub,2021-11-23T05:33:06Z,Dunc Baitman
PE361702C,Enhanced homogeneous matrices,2021-11-04T03:28:49Z,Klarrisa Cossington
NB709843D,Re-engineered fresh-thinking matrix,2021-07-02T05:26:23Z,Katya By
JY378774A,Open-architected demand-driven open architecture,2022-04-06T13:08:07Z,Rurik Ianitti
KE443857D,Public-key executive initiative,2022-03-02T05:43:02Z,Veronika Joel
MK271048A,Assimilated methodical info-mediaries,2021-09-03T17:49:55Z,Jared Dohmann
XZ983255C,De-engineered needs-based circuit,2021-11-25T04:57:23Z,Elbert Raunds
MS972197C,Ergonomic needs-based moratorium,2021-06-01T22:10:14Z,Gwyneth Crowcher
RY339846D,Down-sized disintermediate knowledge user,2021-08-01T09:32:49Z,Arda Cawsy
WY642425D,Total neutral synergy,2022-01-31T03:45:49Z,Clemence Rosendahl
EH206425B,Networked bi-directional monitoring,2021-12-08T10:25:54Z,Cesar Turrell
BH651291D,Ameliorated global toolset,2022-02-10T23:43:09Z,Crystal Felmingham
HG914654B,Face to face leading edge artificial intelligence,2021-12-12T05:32:48Z,Roger Tustin
ML745039B,Profit-focused value-added intranet,2021-09-07T00:25:41Z,Tiff Thomasen
XW735254A,Enhanced bottom-line interface,2021-12-23T02:29:22Z,Jandy Eagles
JH229966B,Reduced stable parallelism,2021-10-06T17:01:09Z,Robenia O'Reagan
TP132067B,Optimized stable solution,2021-07-24T20:55:04Z,Wayland Withull
JN249256A,Total eco-centric help-desk,2021-09-28T22:43:41Z,Erl Lough
ZP580486B,User-centric homogeneous intranet,2021-07-17T08:24:44Z,Basilius Feedham
WC439271C,Intuitive human-resource core,2021-08-15T05:24:54Z,Borg Fetters
OG197711D,Cross-platform foreground help-desk,2021-11-11T08:21:33Z,Neila Casoni
KX396676A,Versatile actuating throughput,2022-01-12T17:17:29Z,Cindee Bingall
XR455828A,Stand-alone actuating firmware,2021-05-23T17:01:23Z,Hedwiga Fisk
ZM291673C,Open-source client-server encryption,2021-06-25T09:05:15Z,Maddy Mullally
JM895136D,Exclusive solution-oriented knowledge base,2021-09-16T02:12:43Z,Raddie Hartford
RC654744A,Quality-focused tertiary product,2022-01-31T20:08:38Z,Lynde Ditchett
YZ613088D,Self-enabling bi-directional synergy,2021-06-16T04:51:49Z,Wilmer Kuller
CT143799B,Streamlined zero defect policy,2021-10-22T17:41:53Z,Waylon Moxham
LJ444914B,Open-architected 5th generation encryption,2021-08-09T12:05:09Z,Cher McMurrugh
CP202395D,Integrated even-keeled throughput,2022-01-03T19:15:22Z,Chalmers Filipic
TT101717D,Automated uniform flexibility,2021-08-29T02:27:54Z,Tiffi Olsson
RB900841D,Re-contextualized needs-based archive,2022-02-10T23:01:39Z,Karla Giovanazzi
CM317216C,Front-line well-modulated functionalities,2022-01-18T23:48:42Z,Abrahan McCourtie
LL751110D,Optimized demand-driven strategy,2022-04-08T21:11:41Z,Walden Cleugh
BB463501C,Down-sized discrete matrices,2021-09-27T00:05:19Z,Elvis Stollman
NR756045A,Multi-channelled 5th generation benchmark,2021-10-27T15:40:29Z,Miltie Klyner
HA602731D,Front-line user-facing methodology,2021-10-19T05:18:11Z,Taffy Houldcroft
ER711942D,Automated content-based orchestration,2022-03-11T21:50:28Z,Frants Chantler
JW995385C,Versatile regional protocol,2021-12-23T06:47:28Z,Manolo Masse
HK389204A,Virtual bi-directional capacity,2022-01-24T20:28:52Z,Drusi Cuolahan
CP359239C,Networked hybrid parallelism,2022-02-21T17:34:48Z,Carey Mallon
JE471809C,Visionary 3rd generation service-desk,2022-03-18T13:33:06Z,Durante Germann
GN774894B,Customizable dynamic process improvement,2022-04-06T17:54:24Z,Newton Tame
MT144479B,Reverse-engineered modular knowledge base,2022-02-05T07:56:37Z,Silvanus Retter
KJ894210A,Robust contextually-based system engine,2021-12-22T05:07:36Z,Gilly Cavilla
RW195486A,Programmable homogeneous installation,2021-11-03T10:23:00Z,Paulette Wolledge
BX548964C,Advanced client-driven customer loyalty,2021-10-24T15:13:00Z,Selestina Happel
ZR119928C,Persevering attitude-oriented secured line,2021-11-03T18:42:07Z,Rafe Tombling
LA654918C,Automated neutral methodology,2021-07-16T03:47:34Z,Norbie Hobell
WJ632159C,Public-key maximized challenge,2021-07-04T21:43:58Z,Vivyan Gallaccio
LE248056B,Visionary composite process improvement,2021-08-10T19:04:15Z,Ban Dumke
WA344045D,Sharable stable extranet,2021-05-23T23:19:22Z,Eimile Nuttey
AM787988A,Advanced mission-critical core,2022-02-09T17:36:40Z,Rafa MacAlpine
EN870466C,Inverse multi-tasking capability,2021-10-12T15:01:41Z,Chas Huggons
TP825642A,Synergized context-sensitive emulation,2021-09-02T17:48:59Z,Ricard Hammon
KY406071D,Reduced stable access,2021-12-18T03:33:11Z,Masha Cannaway
WB604365A,Versatile solution-oriented orchestration,2022-04-15T07:32:08Z,Justis Romao
JW132088D,Face to face systematic structure,2022-02-21T17:59:45Z,Niko Tanby
AX137169C,Reverse-engineered asymmetric Graphic Interface,2021-08-13T10:07:27Z,Esme Greenham
OK984793B,Ameliorated disintermediate installation,2021-09-02T05:32:39Z,Shandie Burborough
TM214225A,Centralized mission-critical framework,2022-01-03T12:00:49Z,Bryna Emerton
KJ826332D,Self-enabling asynchronous hierarchy,2022-02-03T04:42:27Z,Boonie Leggatt
NG702548B,Adaptive interactive leverage,2021-12-01T07:18:59Z,Felisha Fronek
HN614387A,Universal global circuit,2022-01-29T09:04:14Z,Magdalena Jewsbury
EY856420A,Cross-group content-based interface,2022-02-02T19:08:43Z,Leontine Caughte
HS557328A,Profit-focused user-facing array,2021-09-14T05:07:20Z,Jodi Vasilischev
SJ580198A,Quality-focused optimizing database,2021-10-21T01:24:08Z,Lauren Lidster
KJ417747D,Self-enabling dedicated portal,2021-06-21T19:43:01Z,Mohandis Gerbl
CP539955A,Switchable exuding service-desk,2021-11-14T22:56:30Z,Timofei Possell
TA601890C,Organic 4th generation portal,2021-12-02T15:04:01Z,Marcille Patershall
SM855941C,Vision-oriented secondary flexibility,2021-07-28T14:22:12Z,Gayle Alexandersson
RH291576A,Grass-roots bandwidth-monitored product,2021-08-13T14:09:44Z,Giffie Landon
CA220678A,Multi-layered 4th generation knowledge user,2021-11-19T16:47:03Z,Ferrel Kenn
PL939368C,User-centric content-based alliance,2022-04-13T17:13:40Z,Coralie Mulderrig
OH523654A,Upgradable cohesive moderator,2022-03-28T15:38:55Z,Alyson Verdey
GE743657D,Profit-focused demand-driven portal,2021-06-15T09:50:50Z,Willyt Coote
